Date,Stage,Location,Price (USD),Export Volume (tons),Weather Conditions,Storage Capacity (tons),Storage Occupied (%)
2021-04-21,Export,"Uttar Pradesh, IN",69.51,13504,Rainy,N/A,N/A
2023-12-18,Cultivation,"Uttar Pradesh, IN",209.22,N/A,Rainy,N/A,N/A
2021-09-23,Processing,"Rio Grande, BR",13.66,N/A,Dry,35978,8
2023-12-29,Processing,"Karnataka, IN",14.35,N/A,Dry,28393,43
2024-04-05,Harvesting,"Rio Grande, BR",54.3,N/A,Humid,N/A,N/A
2021-12-25,Cultivation,"Karnataka, IN",38.16,N/A,Clear,N/A,N/A
2022-09-24,Storage,"Sao Paulo, BR",106.96,N/A,Moderate Rainfall,56080,72
2024-04-10,Harvesting,"Sao Paulo, BR",209.45,N/A,Dry,N/A,N/A
2022-08-03,Transportation,"New York, US",165.78,N/A,Overcast,N/A,N/A
2021-11-29,Processing,"Sao Paulo, BR",82.97,N/A,Dry,26845,64
2022-08-26,Storage,"Uttar Pradesh, IN",191.77,N/A,Humid,65002,82
2022-03-17,Export,"Rotterdam, NL",36.48,8159,Dry,N/A,N/A
2022-05-15,Processing,"New York, US",233.92,N/A,Moderate Rainfall,41077,65
2022-12-15,Distribution,"Karnataka, IN",19.61,15344,Snowy,17947,14
2023-06-23,Transportation,"Rotterdam, NL",38.19,N/A,Overcast,N/A,N/A
2023-05-21,Storage,"Rotterdam, NL",166.95,N/A,Clear,7633,31
2021-07-05,Harvesting,"Rotterdam, NL",184.2,N/A,Moderate Rainfall,N/A,N/A
2021-08-21,Transportation,"Sao Paulo, BR",20.76,N/A,Humid,N/A,N/A
2024-04-22,Processing,"Rio Grande, BR",28.47,N/A,Rainy,13248,48
2021-05-02,Storage,"Sao Paulo, BR",32.95,N/A,Humid,53906,49
2022-04-20,Harvesting,"Rio Grande, BR",171.78,N/A,Clear,N/A,N/A
2021-08-22,Cultivation,"Uttar Pradesh, IN",97.73,N/A,Humid,N/A,N/A
2023-08-11,Cultivation,"New York, US",180.42,N/A,Humid,N/A,N/A
2021-06-09,Storage,"Sao Paulo, BR",42.8,N/A,Overcast,90522,94
2023-03-23,Export,"Rotterdam, NL",83.26,18729,Overcast,N/A,N/A
2024-01-04,Processing,"Karnataka, IN",90.47,N/A,Moderate Rainfall,84325,73
2021-02-01,Cultivation,"Uttar Pradesh, IN",111.52,N/A,Dry,N/A,N/A
2022-01-14,Distribution,"Uttar Pradesh, IN",66.54,12404,Dry,71540,21
2021-07-27,Distribution,"New York, US",229.1,17342,Humid,17997,20
2023-12-23,Distribution,"Uttar Pradesh, IN",203.04,18020,Overcast,25831,62
2023-01-14,Processing,"Sao Paulo, BR",88.46,N/A,Snowy,73012,81
2021-03-15,Transportation,"Rotterdam, NL",199.17,N/A,Snowy,N/A,N/A
2023-11-27,Storage,"Karnataka, IN",52.73,N/A,Overcast,62565,89
2023-09-10,Storage,"Maharashtra, IN",240.68,N/A,Moderate Rainfall,56032,99
2024-12-31,Distribution,"New York, US",55.71,5272,Humid,92274,37
2024-07-18,Distribution,"Karnataka, IN",49.29,15533,Humid,39275,43
2021-06-02,Storage,"Rotterdam, NL",10.49,N/A,Overcast,32878,86
2021-10-09,Processing,"Uttar Pradesh, IN",205.52,N/A,Overcast,62394,37
2022-12-27,Export,"New York, US",186.21,17256,Moderate Rainfall,N/A,N/A
2021-12-02,Cultivation,"Maharashtra, IN",153.97,N/A,Rainy,N/A,N/A
2023-03-15,Cultivation,"Maharashtra, IN",35.77,N/A,Clear,N/A,N/A
2024-05-21,Harvesting,"Rio Grande, BR",96.06,N/A,Clear,N/A,N/A
2021-12-17,Processing,"Sao Paulo, BR",86.32,N/A,Humid,44796,84
2023-04-26,Distribution,"New York, US",72.88,10103,Rainy,29488,28
2024-07-05,Export,"Uttar Pradesh, IN",220.98,12907,Dry,N/A,N/A
2021-07-06,Export,"Maharashtra, IN",241.51,6695,Humid,N/A,N/A
2023-01-21,Export,"Maharashtra, IN",79.68,16069,Moderate Rainfall,N/A,N/A
2022-09-28,Distribution,"Maharashtra, IN",194.19,4215,Moderate Rainfall,20233,37
2021-07-13,Storage,"Sao Paulo, BR",89.42,N/A,Dry,83792,63
2021-03-26,Distribution,"Rotterdam, NL",154.57,15595,Humid,54233,16
2021-09-07,Distribution,"Uttar Pradesh, IN",214.94,7231,Humid,50861,72
2022-06-25,Distribution,"Uttar Pradesh, IN",247.75,18356,Humid,37710,77
2021-11-24,Cultivation,"Uttar Pradesh, IN",141.03,N/A,Rainy,N/A,N/A
2022-07-28,Processing,"New York, US",35.38,N/A,Snowy,62481,49
2024-02-17,Transportation,"Sao Paulo, BR",56.18,N/A,Snowy,N/A,N/A
2022-02-20,Storage,"Rotterdam, NL",148.78,N/A,Rainy,62000,85
2022-02-27,Storage,"Maharashtra, IN",61.51,N/A,Clear,61641,79
2023-03-26,Distribution,"Rotterdam, NL",157.23,19968,Snowy,95100,61
2022-08-14,Cultivation,"Sao Paulo, BR",211.35,N/A,Moderate Rainfall,N/A,N/A
2021-02-19,Export,"Uttar Pradesh, IN",140.63,13527,Snowy,N/A,N/A
2024-07-10,Transportation,"Sao Paulo, BR",139.79,N/A,Dry,N/A,N/A
2022-09-29,Distribution,"Karnataka, IN",173.43,6114,Overcast,98818,92
2021-02-01,Export,"Sao Paulo, BR",91.11,19356,Humid,N/A,N/A
2023-11-19,Distribution,"New York, US",63.44,3639,Dry,61414,6
2021-04-23,Storage,"New York, US",127.83,N/A,Overcast,33129,72
2021-09-03,Processing,"Rio Grande, BR",90.92,N/A,Clear,11038,78
2022-04-30,Harvesting,"Maharashtra, IN",111.19,N/A,Moderate Rainfall,N/A,N/A
2023-12-30,Transportation,"Uttar Pradesh, IN",78.85,N/A,Dry,N/A,N/A
2024-06-18,Harvesting,"Rio Grande, BR",109.52,N/A,Humid,N/A,N/A
2023-08-03,Storage,"Maharashtra, IN",37.74,N/A,Clear,26795,17
2023-05-21,Distribution,"Rio Grande, BR",136.41,15259,Humid,1556,79
2024-06-12,Storage,"Uttar Pradesh, IN",235.06,N/A,Clear,28392,0
2023-11-17,Transportation,"Rotterdam, NL",36.98,N/A,Overcast,N/A,N/A
2023-10-31,Transportation,"Rotterdam, NL",226.35,N/A,Snowy,N/A,N/A
2021-06-08,Export,"Sao Paulo, BR",229.87,3696,Moderate Rainfall,N/A,N/A
2022-12-11,Transportation,"Uttar Pradesh, IN",96.0,N/A,Humid,N/A,N/A
2022-11-06,Storage,"Uttar Pradesh, IN",179.29,N/A,Snowy,89012,6
2024-04-02,Processing,"Maharashtra, IN",136.57,N/A,Dry,45843,74
2024-11-03,Harvesting,"Rio Grande, BR",225.72,N/A,Snowy,N/A,N/A
2024-02-17,Harvesting,"Karnataka, IN",155.45,N/A,Rainy,N/A,N/A
2023-07-19,Export,"Rio Grande, BR",194.95,17104,Dry,N/A,N/A
2023-01-30,Processing,"Maharashtra, IN",169.67,N/A,Moderate Rainfall,95263,91
2022-06-23,Storage,"Uttar Pradesh, IN",55.48,N/A,Snowy,27170,81
2024-05-19,Distribution,"New York, US",208.95,1664,Overcast,18448,97
2024-03-20,Export,"Uttar Pradesh, IN",99.07,4650,Dry,N/A,N/A
2021-05-11,Export,"Rio Grande, BR",94.87,18478,Overcast,N/A,N/A
2024-12-14,Cultivation,"Rotterdam, NL",180.34,N/A,Humid,N/A,N/A
2023-10-08,Export,"Karnataka, IN",231.91,10121,Snowy,N/A,N/A
2023-03-04,Export,"Maharashtra, IN",122.87,8871,Snowy,N/A,N/A
2024-04-13,Harvesting,"New York, US",75.7,N/A,Humid,N/A,N/A
2023-11-25,Distribution,"Uttar Pradesh, IN",123.73,10244,Snowy,9644,28
2024-02-01,Cultivation,"Maharashtra, IN",149.79,N/A,Moderate Rainfall,N/A,N/A
2024-02-07,Distribution,"Uttar Pradesh, IN",74.35,15299,Overcast,8883,11
2023-04-11,Harvesting,"Karnataka, IN",52.12,N/A,Overcast,N/A,N/A
2021-01-08,Export,"Maharashtra, IN",177.76,7509,Moderate Rainfall,N/A,N/A
2023-03-20,Transportation,"Rio Grande, BR",106.91,N/A,Dry,N/A,N/A
2021-12-16,Cultivation,"Sao Paulo, BR",245.51,N/A,Overcast,N/A,N/A
2021-01-14,Harvesting,"Uttar Pradesh, IN",92.91,N/A,Dry,N/A,N/A
2021-05-15,Storage,"Rio Grande, BR",51.93,N/A,Overcast,86395,72
2021-06-21,Cultivation,"Rotterdam, NL",98.66,N/A,Rainy,N/A,N/A
2021-05-22,Cultivation,"Uttar Pradesh, IN",140.37,N/A,Clear,N/A,N/A
2021-04-05,Processing,"Karnataka, IN",219.58,N/A,Moderate Rainfall,49661,29
2024-04-27,Cultivation,"New York, US",23.98,N/A,Snowy,N/A,N/A
2022-10-21,Cultivation,"New York, US",121.49,N/A,Clear,N/A,N/A
2021-12-02,Transportation,"Sao Paulo, BR",181.88,N/A,Dry,N/A,N/A
2024-03-13,Processing,"Sao Paulo, BR",27.23,N/A,Dry,7381,1
2023-02-11,Export,"Karnataka, IN",56.03,12029,Clear,N/A,N/A
2024-04-06,Harvesting,"Uttar Pradesh, IN",183.47,N/A,Rainy,N/A,N/A
2023-04-29,Cultivation,"Rio Grande, BR",45.11,N/A,Humid,N/A,N/A
2022-07-11,Cultivation,"Maharashtra, IN",78.2,N/A,Snowy,N/A,N/A
2021-01-03,Distribution,"New York, US",37.77,15808,Humid,996,55
2022-12-17,Transportation,"Rio Grande, BR",84.37,N/A,Rainy,N/A,N/A
2021-03-04,Transportation,"New York, US",48.6,N/A,Moderate Rainfall,N/A,N/A
2024-12-12,Harvesting,"Rotterdam, NL",219.21,N/A,Overcast,N/A,N/A
2024-09-24,Harvesting,"Uttar Pradesh, IN",231.84,N/A,Moderate Rainfall,N/A,N/A
2021-03-11,Harvesting,"Rio Grande, BR",68.53,N/A,Moderate Rainfall,N/A,N/A
2022-12-29,Processing,"Karnataka, IN",81.35,N/A,Humid,55838,85
2024-03-15,Transportation,"New York, US",80.73,N/A,Rainy,N/A,N/A
2022-10-09,Storage,"Maharashtra, IN",81.62,N/A,Humid,6036,40
2022-08-19,Distribution,"Rotterdam, NL",205.7,14193,Humid,71236,65
2021-05-22,Transportation,"Maharashtra, IN",202.55,N/A,Snowy,N/A,N/A
2021-09-23,Export,"New York, US",171.46,16228,Humid,N/A,N/A
2021-06-21,Harvesting,"Rio Grande, BR",225.37,N/A,Rainy,N/A,N/A
2022-11-18,Distribution,"Uttar Pradesh, IN",96.69,4157,Moderate Rainfall,66352,91
2023-08-04,Cultivation,"Rotterdam, NL",157.69,N/A,Moderate Rainfall,N/A,N/A
2021-01-28,Distribution,"Uttar Pradesh, IN",57.14,19427,Moderate Rainfall,8336,89
2021-12-16,Storage,"New York, US",125.12,N/A,Humid,70472,87
2022-06-22,Export,"Rotterdam, NL",149.24,5294,Clear,N/A,N/A
2024-01-08,Transportation,"Maharashtra, IN",38.3,N/A,Moderate Rainfall,N/A,N/A
2024-08-09,Processing,"Rotterdam, NL",41.92,N/A,Snowy,14892,60
2022-04-29,Distribution,"Sao Paulo, BR",180.7,16389,Moderate Rainfall,67663,4
2022-01-16,Distribution,"New York, US",118.59,662,Moderate Rainfall,55654,76
2023-05-08,Harvesting,"Rotterdam, NL",33.33,N/A,Snowy,N/A,N/A
2023-11-29,Distribution,"Rio Grande, BR",237.85,6098,Moderate Rainfall,38400,51
2023-02-11,Storage,"Maharashtra, IN",82.15,N/A,Snowy,32615,40
2022-12-21,Transportation,"Sao Paulo, BR",40.42,N/A,Clear,N/A,N/A
2022-11-06,Export,"Maharashtra, IN",110.48,5066,Overcast,N/A,N/A
2022-08-30,Processing,"Uttar Pradesh, IN",244.78,N/A,Clear,82240,94
2023-01-23,Storage,"Sao Paulo, BR",141.82,N/A,Humid,41341,30
2024-09-13,Distribution,"Rio Grande, BR",208.74,13602,Snowy,70685,0
2021-10-13,Processing,"Rio Grande, BR",230.95,N/A,Dry,21035,38
2022-07-14,Harvesting,"Rotterdam, NL",185.14,N/A,Humid,N/A,N/A
2023-10-18,Export,"Uttar Pradesh, IN",136.94,16588,Clear,N/A,N/A
2021-03-30,Storage,"Karnataka, IN",112.72,N/A,Snowy,37723,26
2024-02-05,Distribution,"Karnataka, IN",18.84,2550,Moderate Rainfall,18906,55
2024-10-21,Storage,"Maharashtra, IN",121.56,N/A,Humid,69509,56
2024-03-05,Cultivation,"Rotterdam, NL",215.34,N/A,Rainy,N/A,N/A
2021-10-05,Storage,"Rotterdam, NL",115.94,N/A,Snowy,55244,75
2021-04-13,Storage,"Rotterdam, NL",189.25,N/A,Clear,55079,58
2023-03-16,Cultivation,"Karnataka, IN",62.38,N/A,Humid,N/A,N/A
2022-01-13,Cultivation,"Sao Paulo, BR",194.54,N/A,Snowy,N/A,N/A
2021-12-10,Processing,"New York, US",248.91,N/A,Humid,37468,0
2023-08-10,Storage,"New York, US",94.59,N/A,Clear,17682,52
2024-02-29,Cultivation,"Rio Grande, BR",110.19,N/A,Overcast,N/A,N/A
2024-07-07,Distribution,"Sao Paulo, BR",77.25,19937,Humid,98312,95
2024-03-04,Cultivation,"New York, US",72.79,N/A,Snowy,N/A,N/A
2021-09-15,Distribution,"Rio Grande, BR",117.19,11470,Snowy,65252,1
2023-12-28,Distribution,"Karnataka, IN",40.84,8141,Clear,71601,12
2023-01-15,Transportation,"Sao Paulo, BR",213.79,N/A,Overcast,N/A,N/A
2024-06-05,Export,"Karnataka, IN",156.86,489,Rainy,N/A,N/A
2024-03-07,Harvesting,"Karnataka, IN",76.71,N/A,Clear,N/A,N/A
2023-03-11,Harvesting,"Karnataka, IN",44.85,N/A,Dry,N/A,N/A
2022-07-04,Export,"Sao Paulo, BR",144.06,19539,Overcast,N/A,N/A
2024-06-19,Transportation,"Karnataka, IN",165.93,N/A,Moderate Rainfall,N/A,N/A
2023-02-09,Distribution,"Uttar Pradesh, IN",136.65,7018,Clear,99064,77
2023-10-17,Cultivation,"Karnataka, IN",229.19,N/A,Clear,N/A,N/A
2021-02-11,Processing,"Uttar Pradesh, IN",185.96,N/A,Moderate Rainfall,88304,49
2021-07-23,Distribution,"Rio Grande, BR",41.1,9094,Clear,87730,59
2023-06-03,Transportation,"Karnataka, IN",247.43,N/A,Moderate Rainfall,N/A,N/A
2022-05-27,Export,"Rotterdam, NL",131.91,10783,Rainy,N/A,N/A
2021-03-30,Harvesting,"Uttar Pradesh, IN",223.0,N/A,Moderate Rainfall,N/A,N/A
2023-11-09,Cultivation,"Rio Grande, BR",11.73,N/A,Clear,N/A,N/A
2023-08-22,Export,"New York, US",228.94,8333,Overcast,N/A,N/A
2021-10-07,Export,"Rio Grande, BR",218.02,5319,Rainy,N/A,N/A
2024-08-29,Harvesting,"Rio Grande, BR",112.54,N/A,Rainy,N/A,N/A
2024-10-15,Cultivation,"Maharashtra, IN",143.8,N/A,Dry,N/A,N/A
2022-05-11,Distribution,"Karnataka, IN",187.95,13319,Overcast,3222,67
2021-12-25,Cultivation,"Sao Paulo, BR",146.49,N/A,Moderate Rainfall,N/A,N/A
2022-10-23,Distribution,"Uttar Pradesh, IN",174.54,5439,Clear,68577,92
2021-08-24,Harvesting,"Karnataka, IN",49.26,N/A,Rainy,N/A,N/A
2021-05-27,Cultivation,"Sao Paulo, BR",147.18,N/A,Humid,N/A,N/A
2021-10-07,Cultivation,"New York, US",29.64,N/A,Humid,N/A,N/A
2023-03-11,Export,"Uttar Pradesh, IN",173.24,14634,Snowy,N/A,N/A
2024-08-11,Processing,"New York, US",147.19,N/A,Humid,47054,3
2024-03-26,Transportation,"New York, US",81.87,N/A,Moderate Rainfall,N/A,N/A
2021-01-15,Processing,"Karnataka, IN",20.82,N/A,Dry,60343,51
2023-01-15,Cultivation,"Rotterdam, NL",78.72,N/A,Moderate Rainfall,N/A,N/A
2023-12-15,Cultivation,"Karnataka, IN",12.49,N/A,Overcast,N/A,N/A
2023-06-19,Processing,"Rotterdam, NL",173.41,N/A,Snowy,800,13
2023-04-21,Harvesting,"Rio Grande, BR",65.71,N/A,Overcast,N/A,N/A
2022-02-20,Distribution,"Rio Grande, BR",209.89,12365,Rainy,39004,75
2021-08-18,Transportation,"Maharashtra, IN",22.76,N/A,Rainy,N/A,N/A
2024-09-03,Processing,"Rotterdam, NL",22.02,N/A,Overcast,77611,98
2023-12-28,Distribution,"Uttar Pradesh, IN",118.55,11004,Dry,35168,6
2023-04-02,Distribution,"New York, US",47.98,10950,Humid,62117,12
2024-04-15,Processing,"Uttar Pradesh, IN",155.69,N/A,Clear,13333,1
2023-06-25,Export,"Rotterdam, NL",36.44,15891,Snowy,N/A,N/A
2022-09-02,Harvesting,"New York, US",71.84,N/A,Overcast,N/A,N/A
2024-01-02,Export,"Rio Grande, BR",236.49,15984,Moderate Rainfall,N/A,N/A
2024-06-29,Cultivation,"Uttar Pradesh, IN",44.12,N/A,Clear,N/A,N/A
2023-12-23,Cultivation,"Rio Grande, BR",220.33,N/A,Overcast,N/A,N/A
2021-07-01,Export,"Maharashtra, IN",110.57,16566,Moderate Rainfall,N/A,N/A
2022-01-10,Processing,"Rotterdam, NL",184.52,N/A,Moderate Rainfall,87590,50
2024-08-13,Harvesting,"Rio Grande, BR",236.22,N/A,Overcast,N/A,N/A
2021-07-29,Distribution,"Sao Paulo, BR",231.8,8644,Clear,58971,16
2022-12-27,Transportation,"Rio Grande, BR",183.89,N/A,Overcast,N/A,N/A
2022-03-25,Transportation,"Uttar Pradesh, IN",101.96,N/A,Overcast,N/A,N/A
2024-07-31,Cultivation,"Rotterdam, NL",59.65,N/A,Overcast,N/A,N/A
2023-04-16,Storage,"Uttar Pradesh, IN",88.47,N/A,Snowy,15584,30
2022-11-10,Storage,"Uttar Pradesh, IN",97.9,N/A,Humid,67629,49
2023-10-17,Harvesting,"Sao Paulo, BR",107.97,N/A,Rainy,N/A,N/A
2022-07-02,Cultivation,"Uttar Pradesh, IN",212.17,N/A,Snowy,N/A,N/A
2022-10-21,Cultivation,"New York, US",127.39,N/A,Humid,N/A,N/A
2023-03-12,Cultivation,"Uttar Pradesh, IN",230.9,N/A,Moderate Rainfall,N/A,N/A
2024-05-31,Export,"Karnataka, IN",27.23,18925,Snowy,N/A,N/A
2021-11-30,Export,"Karnataka, IN",48.71,1788,Dry,N/A,N/A
2022-03-24,Transportation,"Sao Paulo, BR",155.62,N/A,Rainy,N/A,N/A
2022-12-31,Distribution,"Karnataka, IN",163.09,13182,Humid,90664,58
2023-06-02,Storage,"Sao Paulo, BR",216.58,N/A,Rainy,24466,30
2021-11-29,Export,"Uttar Pradesh, IN",195.06,12419,Humid,N/A,N/A
2021-08-11,Distribution,"Rio Grande, BR",100.68,6992,Clear,50387,36
2022-09-03,Processing,"New York, US",108.31,N/A,Snowy,32168,68
2022-02-03,Export,"Rio Grande, BR",189.38,11205,Humid,N/A,N/A
2023-05-08,Processing,"Uttar Pradesh, IN",171.33,N/A,Snowy,62933,53
2024-06-22,Cultivation,"Rio Grande, BR",34.93,N/A,Humid,N/A,N/A
2024-04-17,Processing,"New York, US",186.9,N/A,Rainy,60443,51
2021-02-17,Harvesting,"New York, US",68.2,N/A,Moderate Rainfall,N/A,N/A
2023-02-24,Export,"Uttar Pradesh, IN",195.58,13400,Snowy,N/A,N/A
2021-12-01,Harvesting,"Karnataka, IN",231.71,N/A,Humid,N/A,N/A
2021-12-15,Cultivation,"Sao Paulo, BR",98.95,N/A,Humid,N/A,N/A
2024-03-12,Processing,"New York, US",210.88,N/A,Moderate Rainfall,63223,95
2021-01-09,Export,"New York, US",102.99,3586,Dry,N/A,N/A
2023-11-28,Distribution,"Karnataka, IN",198.09,16991,Rainy,21036,8
2021-03-22,Distribution,"Karnataka, IN",191.83,8751,Moderate Rainfall,86082,0
2022-09-11,Harvesting,"Uttar Pradesh, IN",16.61,N/A,Moderate Rainfall,N/A,N/A
2024-05-08,Processing,"Maharashtra, IN",167.34,N/A,Humid,82176,4
2021-03-27,Export,"Uttar Pradesh, IN",78.19,16811,Humid,N/A,N/A
2023-05-05,Cultivation,"New York, US",133.86,N/A,Clear,N/A,N/A
2023-09-23,Processing,"Rio Grande, BR",42.66,N/A,Dry,88607,94
2022-09-15,Cultivation,"New York, US",221.62,N/A,Dry,N/A,N/A
2023-07-16,Distribution,"Rotterdam, NL",93.54,9262,Moderate Rainfall,74598,7
2021-02-15,Storage,"Karnataka, IN",169.21,N/A,Clear,11111,72
2022-04-12,Transportation,"Uttar Pradesh, IN",174.6,N/A,Clear,N/A,N/A
2022-03-09,Export,"Karnataka, IN",240.9,3764,Humid,N/A,N/A
2022-12-02,Distribution,"Maharashtra, IN",53.11,7160,Dry,78882,71
2022-06-29,Harvesting,"Karnataka, IN",72.28,N/A,Clear,N/A,N/A
2023-04-16,Processing,"Maharashtra, IN",42.87,N/A,Overcast,9044,62
2022-07-04,Harvesting,"Uttar Pradesh, IN",88.03,N/A,Snowy,N/A,N/A
2023-11-16,Processing,"Rotterdam, NL",121.45,N/A,Overcast,32025,86
2022-12-03,Storage,"Rio Grande, BR",91.84,N/A,Overcast,17845,23
2024-05-22,Cultivation,"Sao Paulo, BR",39.64,N/A,Clear,N/A,N/A
2023-01-12,Export,"Rotterdam, NL",31.69,5817,Overcast,N/A,N/A
2022-02-04,Processing,"Maharashtra, IN",58.58,N/A,Snowy,42972,96
2021-05-09,Export,"Sao Paulo, BR",185.51,9504,Clear,N/A,N/A
2022-02-24,Harvesting,"Maharashtra, IN",187.36,N/A,Humid,N/A,N/A
2024-11-14,Harvesting,"Sao Paulo, BR",206.83,N/A,Moderate Rainfall,N/A,N/A
2024-09-25,Cultivation,"Karnataka, IN",135.23,N/A,Dry,N/A,N/A
2024-12-22,Harvesting,"Sao Paulo, BR",133.29,N/A,Overcast,N/A,N/A
2024-03-29,Processing,"Rotterdam, NL",150.27,N/A,Dry,49465,79
2021-08-29,Transportation,"Karnataka, IN",98.59,N/A,Clear,N/A,N/A
2024-04-03,Storage,"Uttar Pradesh, IN",77.63,N/A,Overcast,43240,43
2022-10-17,Transportation,"Uttar Pradesh, IN",64.44,N/A,Dry,N/A,N/A
2024-03-18,Processing,"Karnataka, IN",81.54,N/A,Dry,62222,62
2021-02-25,Distribution,"Maharashtra, IN",202.44,10246,Rainy,59270,7
2022-04-22,Export,"Karnataka, IN",18.98,14783,Moderate Rainfall,N/A,N/A
2022-07-06,Distribution,"Maharashtra, IN",60.36,9257,Moderate Rainfall,27942,76
2024-02-24,Harvesting,"Rio Grande, BR",15.66,N/A,Dry,N/A,N/A
2024-09-28,Cultivation,"Sao Paulo, BR",126.81,N/A,Clear,N/A,N/A
2021-12-08,Transportation,"Maharashtra, IN",107.37,N/A,Rainy,N/A,N/A
2021-04-01,Export,"Sao Paulo, BR",17.5,18150,Snowy,N/A,N/A
2022-10-31,Storage,"Maharashtra, IN",160.58,N/A,Clear,32627,5
2023-07-03,Cultivation,"New York, US",208.6,N/A,Rainy,N/A,N/A
2023-12-23,Distribution,"New York, US",25.59,1901,Moderate Rainfall,47978,82
2024-09-27,Export,"Uttar Pradesh, IN",138.78,2483,Clear,N/A,N/A
2023-05-13,Processing,"Maharashtra, IN",38.29,N/A,Snowy,74499,12
2022-04-26,Harvesting,"Rotterdam, NL",212.0,N/A,Dry,N/A,N/A
2023-07-01,Processing,"Karnataka, IN",180.23,N/A,Rainy,35097,3
2021-02-14,Processing,"Uttar Pradesh, IN",35.14,N/A,Snowy,25916,54
2024-09-12,Transportation,"New York, US",230.7,N/A,Rainy,N/A,N/A
2021-11-21,Processing,"Karnataka, IN",238.06,N/A,Moderate Rainfall,62711,31
2024-08-30,Transportation,"Uttar Pradesh, IN",102.31,N/A,Humid,N/A,N/A
2023-11-24,Export,"Karnataka, IN",172.32,14217,Rainy,N/A,N/A
2022-04-25,Harvesting,"Rio Grande, BR",72.63,N/A,Clear,N/A,N/A
2024-07-05,Cultivation,"Karnataka, IN",13.86,N/A,Snowy,N/A,N/A
2024-04-07,Cultivation,"Uttar Pradesh, IN",138.35,N/A,Humid,N/A,N/A
2024-12-18,Storage,"Rio Grande, BR",153.77,N/A,Clear,6462,48
2022-11-03,Cultivation,"Maharashtra, IN",241.96,N/A,Dry,N/A,N/A
2022-02-10,Distribution,"Uttar Pradesh, IN",90.1,15212,Snowy,1475,76
2021-10-02,Cultivation,"Sao Paulo, BR",20.92,N/A,Humid,N/A,N/A
2023-12-24,Export,"New York, US",11.15,14259,Clear,N/A,N/A
2021-04-20,Distribution,"Maharashtra, IN",179.91,12710,Humid,73991,29
2022-07-31,Transportation,"Rotterdam, NL",48.86,N/A,Dry,N/A,N/A
2022-08-23,Storage,"Sao Paulo, BR",102.45,N/A,Rainy,74122,66
2023-12-16,Harvesting,"Uttar Pradesh, IN",37.85,N/A,Overcast,N/A,N/A
2021-03-03,Distribution,"New York, US",111.68,6428,Rainy,96127,67
2024-01-03,Processing,"Uttar Pradesh, IN",223.34,N/A,Moderate Rainfall,59066,47
2022-03-15,Cultivation,"Karnataka, IN",73.0,N/A,Overcast,N/A,N/A
2022-12-28,Storage,"Rio Grande, BR",25.46,N/A,Humid,42910,29
2021-08-06,Processing,"Rotterdam, NL",125.86,N/A,Humid,14770,67
2023-05-28,Processing,"Karnataka, IN",152.17,N/A,Humid,26990,41
2021-01-12,Distribution,"New York, US",185.89,17193,Overcast,44136,28
2024-06-09,Cultivation,"Sao Paulo, BR",152.16,N/A,Overcast,N/A,N/A
2021-02-06,Distribution,"Uttar Pradesh, IN",71.46,5142,Moderate Rainfall,35840,72
2022-10-14,Storage,"Karnataka, IN",181.81,N/A,Dry,86663,90
2022-02-05,Harvesting,"Rio Grande, BR",35.11,N/A,Overcast,N/A,N/A
2022-12-08,Export,"Maharashtra, IN",109.01,1634,Rainy,N/A,N/A
2024-12-21,Distribution,"Rio Grande, BR",216.56,1077,Dry,68538,12
2022-06-28,Export,"Karnataka, IN",71.21,18738,Snowy,N/A,N/A
2022-09-21,Storage,"Maharashtra, IN",148.36,N/A,Humid,79594,38
2022-10-17,Export,"Rio Grande, BR",118.26,2090,Dry,N/A,N/A
2021-02-12,Transportation,"Rio Grande, BR",50.02,N/A,Dry,N/A,N/A
2021-10-13,Cultivation,"Uttar Pradesh, IN",237.01,N/A,Dry,N/A,N/A
2021-03-14,Distribution,"Rotterdam, NL",233.91,9348,Dry,53875,19
2024-01-27,Storage,"Rotterdam, NL",49.26,N/A,Dry,30784,77
2021-04-16,Transportation,"Rotterdam, NL",55.92,N/A,Moderate Rainfall,N/A,N/A
2024-07-07,Processing,"Sao Paulo, BR",134.94,N/A,Rainy,87611,74
2024-12-20,Processing,"Rotterdam, NL",124.15,N/A,Snowy,50169,67
2024-05-09,Distribution,"Rotterdam, NL",197.43,19936,Rainy,49697,4
2022-08-23,Transportation,"Karnataka, IN",223.36,N/A,Humid,N/A,N/A
2024-01-05,Transportation,"Maharashtra, IN",222.84,N/A,Moderate Rainfall,N/A,N/A
2023-05-28,Cultivation,"Sao Paulo, BR",153.5,N/A,Overcast,N/A,N/A
2021-09-27,Distribution,"Uttar Pradesh, IN",120.25,4502,Humid,53962,70
2023-06-27,Distribution,"Rio Grande, BR",43.57,9846,Overcast,45390,27
2024-03-24,Transportation,"Rio Grande, BR",221.64,N/A,Overcast,N/A,N/A
2022-05-25,Processing,"Karnataka, IN",27.41,N/A,Snowy,11819,36
2023-10-16,Distribution,"Uttar Pradesh, IN",69.15,4281,Humid,24505,27
2021-01-16,Distribution,"Rotterdam, NL",132.13,7246,Dry,31445,99
2023-09-15,Export,"Karnataka, IN",82.24,2744,Moderate Rainfall,N/A,N/A
2023-11-27,Storage,"Maharashtra, IN",195.88,N/A,Snowy,42530,46
2022-07-04,Export,"Rotterdam, NL",65.03,5500,Rainy,N/A,N/A
2021-08-01,Distribution,"Karnataka, IN",76.42,6641,Clear,25707,25
2022-12-20,Transportation,"Karnataka, IN",107.49,N/A,Moderate Rainfall,N/A,N/A
2022-09-19,Transportation,"Karnataka, IN",17.38,N/A,Humid,N/A,N/A
2021-05-21,Export,"Sao Paulo, BR",64.76,5636,Clear,N/A,N/A
2023-09-25,Transportation,"Maharashtra, IN",208.78,N/A,Clear,N/A,N/A
2024-03-16,Processing,"Rio Grande, BR",66.89,N/A,Overcast,64872,61
2022-11-07,Harvesting,"Rio Grande, BR",41.65,N/A,Moderate Rainfall,N/A,N/A
2021-02-04,Processing,"Maharashtra, IN",217.73,N/A,Overcast,39609,64
2024-12-22,Harvesting,"Uttar Pradesh, IN",218.74,N/A,Dry,N/A,N/A
2024-07-25,Distribution,"Maharashtra, IN",171.08,14866,Humid,82841,8
2024-01-16,Export,"Rotterdam, NL",95.05,14144,Dry,N/A,N/A
2023-02-01,Distribution,"Maharashtra, IN",89.38,11269,Overcast,74359,51
2022-07-05,Harvesting,"Rio Grande, BR",167.51,N/A,Snowy,N/A,N/A
2021-06-12,Storage,"New York, US",163.58,N/A,Overcast,18039,20
2024-05-17,Distribution,"Karnataka, IN",137.7,18660,Rainy,44928,40
2023-10-28,Cultivation,"Sao Paulo, BR",235.85,N/A,Clear,N/A,N/A
2023-02-24,Processing,"Rio Grande, BR",220.54,N/A,Rainy,44254,52
2022-01-14,Processing,"Rio Grande, BR",243.55,N/A,Clear,36886,69
2022-03-27,Distribution,"Maharashtra, IN",155.17,8239,Dry,20521,29
2023-01-14,Export,"Rotterdam, NL",72.75,17884,Clear,N/A,N/A
2021-08-01,Distribution,"Maharashtra, IN",103.97,831,Moderate Rainfall,88607,15
2021-08-05,Distribution,"New York, US",18.09,7776,Moderate Rainfall,62018,38
2024-11-13,Harvesting,"Uttar Pradesh, IN",173.04,N/A,Clear,N/A,N/A
2021-11-25,Transportation,"New York, US",211.61,N/A,Overcast,N/A,N/A
2023-10-30,Transportation,"New York, US",224.36,N/A,Dry,N/A,N/A
2021-10-15,Harvesting,"Uttar Pradesh, IN",205.81,N/A,Snowy,N/A,N/A
2022-10-16,Processing,"Maharashtra, IN",101.13,N/A,Clear,43140,37
2022-03-02,Transportation,"Karnataka, IN",236.96,N/A,Moderate Rainfall,N/A,N/A
2021-10-29,Distribution,"New York, US",242.69,5904,Overcast,67721,97
2022-01-01,Harvesting,"Maharashtra, IN",127.41,N/A,Rainy,N/A,N/A
2021-01-25,Transportation,"Sao Paulo, BR",173.44,N/A,Dry,N/A,N/A
2023-11-11,Export,"New York, US",179.85,7969,Rainy,N/A,N/A
2023-12-11,Harvesting,"Karnataka, IN",17.4,N/A,Overcast,N/A,N/A
2024-06-05,Transportation,"Rio Grande, BR",221.08,N/A,Moderate Rainfall,N/A,N/A
2024-08-10,Cultivation,"Karnataka, IN",210.64,N/A,Overcast,N/A,N/A
2024-02-20,Transportation,"Uttar Pradesh, IN",108.72,N/A,Overcast,N/A,N/A
2021-10-22,Harvesting,"Rio Grande, BR",154.09,N/A,Moderate Rainfall,N/A,N/A
2024-08-10,Transportation,"New York, US",245.89,N/A,Clear,N/A,N/A
2023-11-03,Export,"Rotterdam, NL",162.61,1858,Humid,N/A,N/A
2021-01-10,Cultivation,"Maharashtra, IN",164.48,N/A,Moderate Rainfall,N/A,N/A
2023-09-12,Storage,"Rotterdam, NL",248.4,N/A,Dry,83365,68
2021-10-14,Cultivation,"Uttar Pradesh, IN",22.6,N/A,Humid,N/A,N/A
2021-01-03,Transportation,"Karnataka, IN",236.45,N/A,Humid,N/A,N/A
2024-06-29,Distribution,"New York, US",179.39,1938,Snowy,11948,34
2022-03-30,Harvesting,"Rotterdam, NL",242.63,N/A,Overcast,N/A,N/A
2021-06-30,Export,"New York, US",119.56,17934,Moderate Rainfall,N/A,N/A
2024-03-07,Distribution,"Sao Paulo, BR",134.59,17862,Overcast,97162,47
2021-07-02,Distribution,"Karnataka, IN",19.08,19400,Dry,36128,46
2023-03-20,Export,"Rio Grande, BR",247.56,583,Dry,N/A,N/A
2021-02-27,Export,"Karnataka, IN",111.79,4946,Overcast,N/A,N/A
2023-12-15,Distribution,"Uttar Pradesh, IN",248.3,16756,Rainy,66029,92
2022-07-28,Transportation,"Rio Grande, BR",173.59,N/A,Clear,N/A,N/A
2024-07-18,Distribution,"Rio Grande, BR",85.63,16171,Overcast,17878,1
2021-11-10,Cultivation,"Maharashtra, IN",209.48,N/A,Dry,N/A,N/A
2024-11-13,Transportation,"Karnataka, IN",192.41,N/A,Moderate Rainfall,N/A,N/A
2021-02-28,Cultivation,"Uttar Pradesh, IN",41.15,N/A,Overcast,N/A,N/A
2024-12-11,Distribution,"Rio Grande, BR",180.63,12221,Overcast,13384,93
2021-06-25,Storage,"Rio Grande, BR",90.32,N/A,Rainy,26100,11
2023-08-11,Transportation,"Rio Grande, BR",58.54,N/A,Rainy,N/A,N/A
2022-06-20,Transportation,"New York, US",83.1,N/A,Overcast,N/A,N/A
2022-01-26,Distribution,"Rotterdam, NL",126.5,13969,Moderate Rainfall,90197,41
2021-12-15,Export,"Maharashtra, IN",155.32,18523,Rainy,N/A,N/A
2024-09-05,Transportation,"Rotterdam, NL",58.07,N/A,Humid,N/A,N/A
2022-03-06,Transportation,"New York, US",149.19,N/A,Moderate Rainfall,N/A,N/A
2023-04-19,Distribution,"Rio Grande, BR",175.72,17129,Snowy,41412,9
2021-10-11,Distribution,"New York, US",209.46,2629,Humid,23162,10
2024-05-01,Harvesting,"New York, US",107.93,N/A,Clear,N/A,N/A
2021-07-19,Harvesting,"New York, US",145.04,N/A,Rainy,N/A,N/A
2023-07-17,Harvesting,"Maharashtra, IN",116.49,N/A,Moderate Rainfall,N/A,N/A
2021-10-14,Storage,"Rotterdam, NL",74.83,N/A,Overcast,12107,61
2023-03-03,Storage,"Karnataka, IN",185.24,N/A,Moderate Rainfall,58853,62
2023-05-03,Distribution,"New York, US",245.63,7180,Snowy,84401,6
2023-12-24,Export,"Rotterdam, NL",21.28,14122,Humid,N/A,N/A
2023-04-14,Distribution,"Sao Paulo, BR",214.97,2954,Dry,34852,8
2022-03-21,Harvesting,"Maharashtra, IN",182.82,N/A,Snowy,N/A,N/A
2021-09-08,Processing,"Sao Paulo, BR",156.08,N/A,Humid,83881,97
2024-12-21,Distribution,"Sao Paulo, BR",28.53,14364,Dry,11931,62
2021-08-19,Cultivation,"Uttar Pradesh, IN",56.66,N/A,Dry,N/A,N/A
2024-02-09,Transportation,"Sao Paulo, BR",141.61,N/A,Moderate Rainfall,N/A,N/A
2024-08-07,Harvesting,"Maharashtra, IN",91.55,N/A,Rainy,N/A,N/A
2023-09-11,Storage,"Maharashtra, IN",48.43,N/A,Moderate Rainfall,78917,75
2022-01-30,Processing,"Rio Grande, BR",105.56,N/A,Clear,70938,32
2023-02-08,Cultivation,"New York, US",139.78,N/A,Rainy,N/A,N/A
2022-12-29,Processing,"Maharashtra, IN",41.87,N/A,Clear,62310,91
2022-12-21,Storage,"Rotterdam, NL",112.18,N/A,Snowy,54889,91
2024-03-30,Harvesting,"Maharashtra, IN",153.92,N/A,Overcast,N/A,N/A
2022-08-18,Harvesting,"Uttar Pradesh, IN",57.79,N/A,Humid,N/A,N/A
2024-07-05,Transportation,"New York, US",126.45,N/A,Moderate Rainfall,N/A,N/A
2022-02-12,Processing,"Karnataka, IN",154.37,N/A,Clear,41498,84
2022-11-25,Transportation,"Sao Paulo, BR",78.94,N/A,Humid,N/A,N/A
2023-08-04,Distribution,"Maharashtra, IN",145.24,4912,Snowy,16029,29
2022-08-06,Distribution,"Rotterdam, NL",36.38,16169,Overcast,8762,46
2021-05-05,Storage,"Rotterdam, NL",210.69,N/A,Clear,97735,52
2021-01-12,Transportation,"New York, US",96.27,N/A,Overcast,N/A,N/A
2022-05-15,Transportation,"Sao Paulo, BR",149.95,N/A,Moderate Rainfall,N/A,N/A
2024-11-21,Processing,"Uttar Pradesh, IN",86.93,N/A,Overcast,49974,89
2022-06-10,Processing,"Sao Paulo, BR",161.77,N/A,Clear,49555,75
2022-09-18,Transportation,"Karnataka, IN",113.6,N/A,Clear,N/A,N/A
2024-04-07,Export,"New York, US",235.84,13909,Humid,N/A,N/A
2024-02-11,Export,"Maharashtra, IN",168.12,12190,Rainy,N/A,N/A
2024-05-08,Processing,"Rotterdam, NL",197.18,N/A,Dry,42970,19
2021-03-07,Transportation,"New York, US",248.57,N/A,Snowy,N/A,N/A
2023-12-26,Storage,"Rio Grande, BR",61.68,N/A,Moderate Rainfall,38219,49
2021-07-12,Transportation,"Rio Grande, BR",193.34,N/A,Moderate Rainfall,N/A,N/A
2023-09-12,Processing,"Rio Grande, BR",162.0,N/A,Humid,83079,48
2022-07-30,Export,"New York, US",26.65,3709,Clear,N/A,N/A
2021-09-15,Transportation,"Rotterdam, NL",200.74,N/A,Humid,N/A,N/A
2023-05-10,Harvesting,"Rotterdam, NL",171.08,N/A,Moderate Rainfall,N/A,N/A
2021-08-25,Cultivation,"Uttar Pradesh, IN",212.25,N/A,Clear,N/A,N/A
2024-09-08,Harvesting,"Uttar Pradesh, IN",212.71,N/A,Clear,N/A,N/A
2024-05-03,Storage,"Karnataka, IN",70.09,N/A,Snowy,61883,31
2021-08-19,Processing,"Rotterdam, NL",163.31,N/A,Dry,33642,84
2022-05-04,Processing,"Uttar Pradesh, IN",76.18,N/A,Humid,93521,5
2023-06-19,Harvesting,"Uttar Pradesh, IN",82.56,N/A,Moderate Rainfall,N/A,N/A
2021-02-03,Distribution,"Uttar Pradesh, IN",194.32,19864,Rainy,3830,6
2023-10-01,Processing,"Karnataka, IN",142.89,N/A,Humid,94607,64
2022-12-16,Export,"Sao Paulo, BR",121.19,4766,Dry,N/A,N/A
2023-06-21,Harvesting,"New York, US",199.27,N/A,Clear,N/A,N/A
2023-12-30,Cultivation,"New York, US",43.56,N/A,Clear,N/A,N/A
2024-12-29,Storage,"Sao Paulo, BR",169.86,N/A,Moderate Rainfall,65331,87
2024-11-03,Transportation,"Uttar Pradesh, IN",204.99,N/A,Overcast,N/A,N/A
2023-01-29,Distribution,"Uttar Pradesh, IN",128.66,12392,Dry,75174,87
2021-12-06,Export,"Karnataka, IN",70.77,491,Dry,N/A,N/A
2023-05-30,Cultivation,"New York, US",43.02,N/A,Dry,N/A,N/A
2021-02-03,Processing,"Rio Grande, BR",123.34,N/A,Overcast,85835,62
2024-08-10,Distribution,"Maharashtra, IN",64.56,19900,Snowy,81243,19
2023-01-03,Export,"New York, US",61.16,5644,Dry,N/A,N/A
2023-12-15,Storage,"Karnataka, IN",24.75,N/A,Moderate Rainfall,92738,22
2022-02-26,Storage,"Karnataka, IN",10.79,N/A,Dry,99635,26
2022-01-02,Export,"Karnataka, IN",161.77,11482,Moderate Rainfall,N/A,N/A
2022-10-26,Harvesting,"Uttar Pradesh, IN",238.97,N/A,Clear,N/A,N/A
2024-02-19,Export,"Karnataka, IN",31.68,14995,Moderate Rainfall,N/A,N/A
2024-06-19,Storage,"Maharashtra, IN",113.34,N/A,Rainy,77309,12
2022-09-30,Harvesting,"Maharashtra, IN",209.57,N/A,Dry,N/A,N/A
2023-01-07,Harvesting,"Karnataka, IN",26.78,N/A,Overcast,N/A,N/A
2024-10-10,Harvesting,"Maharashtra, IN",244.91,N/A,Snowy,N/A,N/A
2022-05-22,Processing,"Uttar Pradesh, IN",81.47,N/A,Moderate Rainfall,29696,19
2023-11-23,Harvesting,"Uttar Pradesh, IN",187.67,N/A,Dry,N/A,N/A
2024-08-20,Harvesting,"Karnataka, IN",161.99,N/A,Dry,N/A,N/A
2022-09-15,Processing,"Karnataka, IN",212.94,N/A,Moderate Rainfall,26683,41
2022-07-06,Harvesting,"Uttar Pradesh, IN",77.82,N/A,Rainy,N/A,N/A
2023-05-01,Storage,"New York, US",18.15,N/A,Clear,52314,68
2024-06-13,Transportation,"Rio Grande, BR",23.38,N/A,Humid,N/A,N/A
2021-08-08,Transportation,"Uttar Pradesh, IN",191.1,N/A,Rainy,N/A,N/A
2022-07-05,Harvesting,"New York, US",54.38,N/A,Clear,N/A,N/A
2022-03-18,Harvesting,"Sao Paulo, BR",21.33,N/A,Dry,N/A,N/A
2024-11-27,Harvesting,"New York, US",110.14,N/A,Humid,N/A,N/A
2021-04-07,Cultivation,"Maharashtra, IN",170.19,N/A,Humid,N/A,N/A
2024-02-11,Processing,"Rio Grande, BR",214.63,N/A,Overcast,94914,81
2022-04-05,Export,"Karnataka, IN",96.93,15482,Moderate Rainfall,N/A,N/A
2024-11-18,Storage,"New York, US",16.17,N/A,Clear,75870,72
2023-03-04,Processing,"Rio Grande, BR",234.14,N/A,Overcast,47488,43
2022-09-10,Export,"Karnataka, IN",247.84,14399,Overcast,N/A,N/A
2022-06-02,Storage,"Karnataka, IN",181.52,N/A,Moderate Rainfall,52145,6
2021-04-29,Storage,"Karnataka, IN",167.92,N/A,Humid,98430,91
2024-09-22,Harvesting,"Rotterdam, NL",131.88,N/A,Dry,N/A,N/A
2021-07-21,Storage,"Rotterdam, NL",66.15,N/A,Overcast,64617,52
2022-05-01,Distribution,"Maharashtra, IN",155.83,8654,Dry,25425,80
2024-02-27,Cultivation,"Maharashtra, IN",55.93,N/A,Moderate Rainfall,N/A,N/A
2023-07-25,Cultivation,"Maharashtra, IN",233.65,N/A,Snowy,N/A,N/A
2024-08-02,Distribution,"Maharashtra, IN",52.23,15908,Dry,72265,12
2021-11-25,Cultivation,"New York, US",147.92,N/A,Snowy,N/A,N/A
2021-04-21,Harvesting,"Rotterdam, NL",190.97,N/A,Moderate Rainfall,N/A,N/A
2024-06-26,Processing,"Rotterdam, NL",19.1,N/A,Moderate Rainfall,62620,32
2022-03-17,Distribution,"Rio Grande, BR",193.66,3784,Humid,3604,91
2021-07-10,Transportation,"Karnataka, IN",19.88,N/A,Dry,N/A,N/A
2021-11-17,Transportation,"New York, US",104.94,N/A,Humid,N/A,N/A
2023-06-19,Transportation,"Rotterdam, NL",82.37,N/A,Clear,N/A,N/A
2024-10-24,Processing,"Karnataka, IN",71.53,N/A,Rainy,36844,37
2021-06-18,Processing,"Maharashtra, IN",102.21,N/A,Humid,47056,67
2024-07-30,Transportation,"Rio Grande, BR",176.04,N/A,Moderate Rainfall,N/A,N/A
2023-12-12,Export,"Maharashtra, IN",213.67,19022,Clear,N/A,N/A
2023-03-01,Processing,"Rotterdam, NL",165.57,N/A,Moderate Rainfall,55016,71
2024-10-27,Processing,"Karnataka, IN",112.24,N/A,Snowy,84602,22
2024-08-15,Distribution,"Sao Paulo, BR",187.04,16200,Snowy,23558,62
2024-07-16,Distribution,"Uttar Pradesh, IN",181.75,3039,Clear,14788,94
2023-03-15,Distribution,"Rio Grande, BR",175.29,9817,Overcast,8968,50
2022-12-15,Harvesting,"Karnataka, IN",85.01,N/A,Clear,N/A,N/A
2021-04-14,Distribution,"New York, US",206.69,12189,Snowy,47587,22
2022-09-05,Transportation,"Rotterdam, NL",150.14,N/A,Moderate Rainfall,N/A,N/A
2021-08-22,Cultivation,"Sao Paulo, BR",85.12,N/A,Moderate Rainfall,N/A,N/A
2024-09-19,Transportation,"New York, US",23.16,N/A,Moderate Rainfall,N/A,N/A
2021-03-30,Processing,"New York, US",46.22,N/A,Clear,60932,82
2024-08-08,Distribution,"New York, US",130.81,16248,Humid,2033,35
2024-05-19,Export,"Rotterdam, NL",22.64,16495,Dry,N/A,N/A
2024-06-20,Distribution,"Rio Grande, BR",27.78,12402,Clear,64688,91
2023-11-15,Export,"Karnataka, IN",127.49,4439,Dry,N/A,N/A
2021-04-30,Distribution,"Rotterdam, NL",243.04,19624,Snowy,66630,8
2023-07-24,Export,"Maharashtra, IN",11.47,6120,Snowy,N/A,N/A
2022-01-03,Distribution,"Maharashtra, IN",205.7,18682,Humid,3369,93
2022-10-07,Cultivation,"Sao Paulo, BR",217.11,N/A,Overcast,N/A,N/A
2021-09-06,Export,"New York, US",121.87,17357,Dry,N/A,N/A
2021-01-13,Harvesting,"Rotterdam, NL",143.11,N/A,Snowy,N/A,N/A
2024-07-29,Distribution,"Rotterdam, NL",233.96,4416,Snowy,78008,11
2021-07-22,Harvesting,"Uttar Pradesh, IN",15.41,N/A,Moderate Rainfall,N/A,N/A
2024-11-07,Harvesting,"Karnataka, IN",28.04,N/A,Snowy,N/A,N/A
2023-05-01,Harvesting,"Rio Grande, BR",142.76,N/A,Moderate Rainfall,N/A,N/A
2021-07-20,Distribution,"Rotterdam, NL",246.26,2537,Dry,94895,35
2023-09-10,Distribution,"Rotterdam, NL",115.27,13680,Humid,29216,22
2024-08-18,Cultivation,"Rotterdam, NL",192.11,N/A,Humid,N/A,N/A
2022-08-25,Transportation,"Maharashtra, IN",58.28,N/A,Dry,N/A,N/A
2024-11-18,Cultivation,"Maharashtra, IN",69.09,N/A,Overcast,N/A,N/A
2023-03-18,Cultivation,"Rio Grande, BR",189.19,N/A,Snowy,N/A,N/A
2021-08-16,Distribution,"Rotterdam, NL",198.3,12212,Overcast,22349,19
2022-04-17,Storage,"Uttar Pradesh, IN",82.37,N/A,Overcast,93110,89
2024-12-21,Storage,"Uttar Pradesh, IN",62.87,N/A,Moderate Rainfall,87943,30
2021-03-08,Cultivation,"New York, US",208.72,N/A,Rainy,N/A,N/A
2021-12-22,Processing,"Rio Grande, BR",139.45,N/A,Overcast,97057,82
2024-01-30,Transportation,"Maharashtra, IN",172.32,N/A,Snowy,N/A,N/A
2023-04-24,Harvesting,"New York, US",207.66,N/A,Overcast,N/A,N/A
2024-01-05,Distribution,"Maharashtra, IN",90.76,1629,Snowy,9338,93
2024-05-07,Harvesting,"Karnataka, IN",155.19,N/A,Rainy,N/A,N/A
2024-10-12,Transportation,"Karnataka, IN",61.93,N/A,Clear,N/A,N/A
2024-03-11,Processing,"New York, US",246.53,N/A,Humid,44755,67
2024-12-17,Storage,"Maharashtra, IN",238.85,N/A,Dry,76930,82
2024-04-23,Cultivation,"New York, US",137.58,N/A,Snowy,N/A,N/A
2022-07-16,Storage,"Rio Grande, BR",98.9,N/A,Rainy,58732,64
2023-10-31,Cultivation,"Karnataka, IN",180.53,N/A,Rainy,N/A,N/A
2021-06-30,Storage,"Uttar Pradesh, IN",18.94,N/A,Humid,92782,31
2021-05-20,Cultivation,"New York, US",87.6,N/A,Moderate Rainfall,N/A,N/A
2024-02-28,Cultivation,"Karnataka, IN",194.88,N/A,Snowy,N/A,N/A
2021-10-16,Processing,"Rotterdam, NL",38.76,N/A,Humid,81947,85
2021-11-30,Export,"Rio Grande, BR",104.26,12834,Clear,N/A,N/A
2023-12-26,Distribution,"Rotterdam, NL",23.29,9377,Humid,65128,60
2023-11-16,Cultivation,"Uttar Pradesh, IN",182.67,N/A,Clear,N/A,N/A
2022-11-07,Export,"Karnataka, IN",225.1,14800,Humid,N/A,N/A
2024-12-25,Transportation,"Rotterdam, NL",205.85,N/A,Snowy,N/A,N/A
2023-01-24,Distribution,"Uttar Pradesh, IN",182.36,13946,Moderate Rainfall,90015,49
2021-07-01,Export,"Karnataka, IN",232.32,5944,Clear,N/A,N/A
2022-02-21,Export,"New York, US",185.1,1771,Clear,N/A,N/A
2022-05-31,Harvesting,"Maharashtra, IN",230.47,N/A,Dry,N/A,N/A
2022-08-27,Transportation,"Maharashtra, IN",137.72,N/A,Moderate Rainfall,N/A,N/A
2021-05-20,Storage,"Rio Grande, BR",225.02,N/A,Dry,54695,22
2024-01-27,Processing,"Sao Paulo, BR",189.15,N/A,Dry,48347,31
2022-10-15,Export,"Uttar Pradesh, IN",90.13,7526,Clear,N/A,N/A
2022-12-17,Distribution,"Uttar Pradesh, IN",242.07,3354,Clear,9782,56
2024-06-25,Storage,"Maharashtra, IN",112.58,N/A,Overcast,95856,61
2022-08-29,Storage,"Maharashtra, IN",29.03,N/A,Moderate Rainfall,44245,44
2023-10-06,Export,"Maharashtra, IN",210.95,5651,Humid,N/A,N/A
2023-10-08,Harvesting,"Rotterdam, NL",104.43,N/A,Clear,N/A,N/A
2024-11-28,Transportation,"Uttar Pradesh, IN",34.24,N/A,Rainy,N/A,N/A
2024-02-02,Export,"Karnataka, IN",133.88,2939,Moderate Rainfall,N/A,N/A
2024-08-20,Distribution,"Sao Paulo, BR",38.42,5803,Moderate Rainfall,83312,34
2022-04-20,Processing,"Rotterdam, NL",194.0,N/A,Clear,13364,57
2024-06-03,Cultivation,"Sao Paulo, BR",109.64,N/A,Snowy,N/A,N/A
2022-12-12,Distribution,"Maharashtra, IN",129.99,9256,Clear,61459,38
2023-04-22,Storage,"Karnataka, IN",68.54,N/A,Humid,33159,2
2021-08-05,Harvesting,"Rotterdam, NL",139.28,N/A,Humid,N/A,N/A
2023-03-15,Cultivation,"Uttar Pradesh, IN",226.1,N/A,Snowy,N/A,N/A
2022-11-26,Transportation,"New York, US",98.71,N/A,Humid,N/A,N/A
2023-12-05,Processing,"Sao Paulo, BR",174.32,N/A,Snowy,85914,73
2023-04-04,Cultivation,"Rio Grande, BR",141.21,N/A,Snowy,N/A,N/A
2022-08-19,Export,"Maharashtra, IN",94.7,17117,Overcast,N/A,N/A
2023-04-26,Harvesting,"Karnataka, IN",133.12,N/A,Moderate Rainfall,N/A,N/A
2024-07-30,Harvesting,"Rotterdam, NL",247.12,N/A,Snowy,N/A,N/A
2023-08-20,Transportation,"Maharashtra, IN",65.86,N/A,Humid,N/A,N/A
2022-07-21,Storage,"Rio Grande, BR",13.6,N/A,Clear,86413,15
2023-05-20,Cultivation,"Uttar Pradesh, IN",136.82,N/A,Moderate Rainfall,N/A,N/A
2023-12-19,Distribution,"New York, US",221.58,1291,Moderate Rainfall,19954,83
2023-03-30,Export,"Sao Paulo, BR",65.8,12805,Humid,N/A,N/A
2024-03-02,Processing,"Uttar Pradesh, IN",56.5,N/A,Humid,79298,4
2022-06-24,Harvesting,"Rio Grande, BR",107.98,N/A,Moderate Rainfall,N/A,N/A
2022-12-06,Processing,"Maharashtra, IN",77.73,N/A,Dry,63689,52
2024-02-20,Processing,"Rotterdam, NL",96.91,N/A,Overcast,3716,19
2021-05-20,Export,"New York, US",229.34,10384,Overcast,N/A,N/A
2022-10-12,Harvesting,"Karnataka, IN",157.79,N/A,Dry,N/A,N/A
2021-07-11,Storage,"Maharashtra, IN",51.92,N/A,Humid,92364,6
2022-06-13,Storage,"New York, US",104.53,N/A,Snowy,57532,47
2022-11-30,Cultivation,"Karnataka, IN",202.36,N/A,Humid,N/A,N/A
2021-11-15,Processing,"Maharashtra, IN",215.3,N/A,Snowy,44226,43
2022-09-07,Harvesting,"Maharashtra, IN",183.53,N/A,Rainy,N/A,N/A
2021-08-29,Distribution,"Uttar Pradesh, IN",239.72,12980,Humid,50967,34
2022-03-25,Storage,"Uttar Pradesh, IN",189.92,N/A,Humid,85666,11
2024-01-08,Harvesting,"Maharashtra, IN",130.46,N/A,Moderate Rainfall,N/A,N/A
2021-06-26,Distribution,"Rotterdam, NL",216.22,14792,Dry,32117,15
2024-10-14,Storage,"Maharashtra, IN",161.08,N/A,Moderate Rainfall,78687,69
2024-08-20,Cultivation,"Sao Paulo, BR",137.89,N/A,Overcast,N/A,N/A
2022-12-03,Export,"Rio Grande, BR",137.25,10450,Snowy,N/A,N/A
2024-01-23,Transportation,"Rotterdam, NL",14.58,N/A,Humid,N/A,N/A
2023-10-28,Cultivation,"Rotterdam, NL",164.85,N/A,Clear,N/A,N/A
2022-10-06,Storage,"Rio Grande, BR",19.87,N/A,Dry,40308,78
2021-03-07,Processing,"Uttar Pradesh, IN",111.04,N/A,Overcast,26661,87
2024-07-09,Distribution,"Rio Grande, BR",42.33,6894,Overcast,94736,25
2022-10-14,Storage,"Maharashtra, IN",71.52,N/A,Rainy,10597,84
2021-05-17,Storage,"New York, US",159.38,N/A,Overcast,40096,41
2023-06-03,Storage,"Sao Paulo, BR",138.06,N/A,Moderate Rainfall,71837,44
2024-02-25,Harvesting,"Uttar Pradesh, IN",10.84,N/A,Snowy,N/A,N/A
2023-12-31,Export,"Rotterdam, NL",114.09,16842,Snowy,N/A,N/A
2021-09-01,Export,"Sao Paulo, BR",179.5,3906,Moderate Rainfall,N/A,N/A
2024-04-26,Cultivation,"Uttar Pradesh, IN",114.67,N/A,Dry,N/A,N/A
2022-11-18,Transportation,"Rotterdam, NL",135.98,N/A,Clear,N/A,N/A
2022-01-15,Transportation,"Uttar Pradesh, IN",117.58,N/A,Moderate Rainfall,N/A,N/A
2022-01-29,Transportation,"Uttar Pradesh, IN",97.47,N/A,Snowy,N/A,N/A
2022-03-07,Cultivation,"Uttar Pradesh, IN",183.79,N/A,Dry,N/A,N/A
2022-01-25,Cultivation,"Karnataka, IN",138.09,N/A,Dry,N/A,N/A
2023-07-31,Distribution,"Karnataka, IN",204.21,11931,Rainy,71324,0
2021-07-16,Distribution,"Rotterdam, NL",166.78,10343,Rainy,95379,17
2024-08-28,Export,"Karnataka, IN",40.7,10126,Moderate Rainfall,N/A,N/A
2023-10-31,Processing,"New York, US",108.49,N/A,Snowy,76606,32
2022-12-07,Cultivation,"Sao Paulo, BR",109.88,N/A,Humid,N/A,N/A
2021-11-23,Cultivation,"Karnataka, IN",214.92,N/A,Humid,N/A,N/A
2022-05-09,Distribution,"Karnataka, IN",184.83,9204,Dry,39903,3
2022-04-04,Storage,"Rotterdam, NL",150.25,N/A,Moderate Rainfall,46109,56
2023-12-22,Harvesting,"Rio Grande, BR",216.87,N/A,Dry,N/A,N/A
2021-04-08,Processing,"Rio Grande, BR",12.06,N/A,Humid,18658,45
2021-07-02,Cultivation,"Rio Grande, BR",191.11,N/A,Moderate Rainfall,N/A,N/A
2022-10-08,Export,"Sao Paulo, BR",125.47,5938,Overcast,N/A,N/A
2022-01-04,Transportation,"Rotterdam, NL",136.25,N/A,Humid,N/A,N/A
2023-06-04,Harvesting,"New York, US",90.74,N/A,Rainy,N/A,N/A
2024-02-25,Export,"Karnataka, IN",75.63,1998,Humid,N/A,N/A
2024-03-05,Cultivation,"Karnataka, IN",239.6,N/A,Snowy,N/A,N/A
2022-04-22,Export,"Karnataka, IN",34.78,1415,Rainy,N/A,N/A
2024-11-27,Processing,"Uttar Pradesh, IN",77.94,N/A,Snowy,63515,3
2022-05-19,Processing,"Sao Paulo, BR",188.18,N/A,Rainy,68461,28
2022-06-18,Distribution,"New York, US",116.35,682,Overcast,69790,15
2021-02-16,Distribution,"Sao Paulo, BR",21.2,16447,Overcast,55400,25
2021-01-31,Export,"Rio Grande, BR",85.76,13063,Humid,N/A,N/A
2023-08-29,Export,"Karnataka, IN",222.65,1841,Overcast,N/A,N/A
2024-04-21,Storage,"New York, US",168.79,N/A,Dry,2700,82
2023-04-29,Export,"Maharashtra, IN",89.45,10610,Moderate Rainfall,N/A,N/A
2023-02-08,Export,"Maharashtra, IN",95.43,4751,Humid,N/A,N/A
2023-07-26,Processing,"New York, US",93.91,N/A,Overcast,65989,69
2023-10-11,Cultivation,"Karnataka, IN",111.74,N/A,Overcast,N/A,N/A
2021-10-09,Storage,"Karnataka, IN",186.44,N/A,Snowy,31958,41
2024-07-20,Transportation,"Karnataka, IN",92.1,N/A,Snowy,N/A,N/A
2021-05-16,Storage,"Rotterdam, NL",103.45,N/A,Dry,81299,19
2022-01-19,Harvesting,"Karnataka, IN",162.59,N/A,Moderate Rainfall,N/A,N/A
2023-10-24,Harvesting,"Rotterdam, NL",70.05,N/A,Overcast,N/A,N/A
2022-05-03,Processing,"Uttar Pradesh, IN",189.51,N/A,Moderate Rainfall,78995,73
2024-01-17,Transportation,"New York, US",156.05,N/A,Overcast,N/A,N/A
2024-05-01,Export,"Uttar Pradesh, IN",25.62,11423,Snowy,N/A,N/A
2024-01-02,Processing,"Maharashtra, IN",39.04,N/A,Dry,67141,92
2023-06-05,Transportation,"Karnataka, IN",103.91,N/A,Clear,N/A,N/A
2021-06-03,Processing,"Rio Grande, BR",45.65,N/A,Overcast,30380,54
2024-02-14,Processing,"Uttar Pradesh, IN",73.21,N/A,Overcast,83644,5
2021-06-12,Distribution,"Karnataka, IN",205.38,5562,Snowy,44443,55
2023-12-17,Export,"Maharashtra, IN",245.93,14090,Rainy,N/A,N/A
2022-03-03,Distribution,"Karnataka, IN",141.41,8111,Humid,70623,100
2024-01-28,Cultivation,"Maharashtra, IN",101.18,N/A,Clear,N/A,N/A
2021-07-11,Processing,"Rio Grande, BR",54.94,N/A,Dry,75424,95
2023-08-04,Storage,"Uttar Pradesh, IN",207.01,N/A,Rainy,93879,25
2023-08-04,Harvesting,"Karnataka, IN",91.01,N/A,Clear,N/A,N/A
2022-08-10,Harvesting,"Karnataka, IN",150.52,N/A,Dry,N/A,N/A
2023-12-24,Export,"New York, US",12.13,8615,Humid,N/A,N/A
2023-04-13,Export,"New York, US",198.52,17998,Snowy,N/A,N/A
2023-03-22,Storage,"Karnataka, IN",30.67,N/A,Clear,7752,100
2022-05-19,Distribution,"Maharashtra, IN",247.7,2298,Humid,80688,19
2021-07-07,Storage,"Sao Paulo, BR",197.77,N/A,Moderate Rainfall,8490,55
2024-06-27,Distribution,"Uttar Pradesh, IN",220.35,6045,Dry,50459,6
2023-04-06,Distribution,"New York, US",141.61,16849,Humid,56449,10
2022-04-20,Distribution,"Rotterdam, NL",228.29,11447,Clear,10541,72
2024-05-29,Distribution,"Rotterdam, NL",137.58,5341,Rainy,51390,14
2024-06-11,Harvesting,"Rotterdam, NL",96.68,N/A,Humid,N/A,N/A
2023-09-09,Export,"Karnataka, IN",106.53,4983,Clear,N/A,N/A
2021-03-27,Storage,"New York, US",75.3,N/A,Snowy,41768,6
2022-11-17,Harvesting,"Uttar Pradesh, IN",214.72,N/A,Snowy,N/A,N/A
2023-10-24,Export,"New York, US",67.16,9681,Moderate Rainfall,N/A,N/A
2021-11-19,Cultivation,"Sao Paulo, BR",234.47,N/A,Snowy,N/A,N/A
2023-01-06,Transportation,"Uttar Pradesh, IN",118.02,N/A,Humid,N/A,N/A
2024-02-01,Harvesting,"Sao Paulo, BR",140.4,N/A,Humid,N/A,N/A
2021-07-12,Storage,"Maharashtra, IN",140.76,N/A,Humid,39044,11
2022-07-21,Transportation,"New York, US",80.27,N/A,Clear,N/A,N/A
2024-03-30,Harvesting,"Sao Paulo, BR",43.13,N/A,Dry,N/A,N/A
2021-03-11,Transportation,"Sao Paulo, BR",228.69,N/A,Clear,N/A,N/A
2022-07-31,Processing,"Rotterdam, NL",151.42,N/A,Clear,65318,59
2023-07-27,Cultivation,"New York, US",64.33,N/A,Moderate Rainfall,N/A,N/A
2021-04-08,Processing,"Rotterdam, NL",34.4,N/A,Dry,74294,100
2021-10-17,Distribution,"Rio Grande, BR",164.99,4740,Overcast,62034,53
2022-10-05,Cultivation,"New York, US",133.87,N/A,Clear,N/A,N/A
2022-06-21,Distribution,"Sao Paulo, BR",202.02,528,Snowy,24280,33
2022-02-17,Harvesting,"Sao Paulo, BR",179.07,N/A,Humid,N/A,N/A
2021-11-22,Processing,"Rio Grande, BR",207.88,N/A,Clear,72942,21
2021-02-26,Export,"Maharashtra, IN",79.28,16014,Snowy,N/A,N/A
2021-09-23,Transportation,"Karnataka, IN",106.35,N/A,Clear,N/A,N/A
2023-10-31,Harvesting,"Karnataka, IN",87.85,N/A,Humid,N/A,N/A
2024-11-11,Transportation,"Rotterdam, NL",30.88,N/A,Moderate Rainfall,N/A,N/A
2022-02-14,Export,"Karnataka, IN",187.69,18553,Dry,N/A,N/A
2021-02-15,Cultivation,"Karnataka, IN",91.07,N/A,Rainy,N/A,N/A
2024-03-31,Export,"Maharashtra, IN",92.51,2588,Moderate Rainfall,N/A,N/A
2022-10-18,Distribution,"Rotterdam, NL",229.54,9965,Rainy,72656,13
2024-04-22,Harvesting,"Rotterdam, NL",80.43,N/A,Overcast,N/A,N/A
2023-05-30,Export,"Rotterdam, NL",226.16,11903,Overcast,N/A,N/A
2022-01-18,Storage,"New York, US",138.13,N/A,Dry,43057,71
2024-06-14,Processing,"Rio Grande, BR",92.11,N/A,Dry,63301,86
2022-04-24,Processing,"Uttar Pradesh, IN",31.29,N/A,Humid,96681,63
2023-08-31,Harvesting,"Uttar Pradesh, IN",240.2,N/A,Humid,N/A,N/A
2022-05-30,Harvesting,"Sao Paulo, BR",116.2,N/A,Humid,N/A,N/A
2023-12-19,Processing,"Rotterdam, NL",198.76,N/A,Moderate Rainfall,16710,31
2024-07-08,Processing,"Karnataka, IN",190.4,N/A,Moderate Rainfall,58133,59
2022-12-27,Cultivation,"Rotterdam, NL",70.12,N/A,Clear,N/A,N/A
2022-04-02,Transportation,"New York, US",103.39,N/A,Snowy,N/A,N/A
2023-02-25,Cultivation,"Karnataka, IN",115.32,N/A,Clear,N/A,N/A
2021-11-28,Export,"Rio Grande, BR",128.76,1551,Overcast,N/A,N/A
2022-10-17,Distribution,"Uttar Pradesh, IN",82.59,18257,Snowy,14930,24
2021-02-21,Harvesting,"Rio Grande, BR",59.54,N/A,Rainy,N/A,N/A
2021-08-25,Distribution,"Rotterdam, NL",87.2,6101,Dry,43558,71
2021-05-18,Transportation,"Rotterdam, NL",219.71,N/A,Overcast,N/A,N/A
2023-06-21,Harvesting,"Maharashtra, IN",165.85,N/A,Overcast,N/A,N/A
2023-05-22,Storage,"New York, US",39.01,N/A,Dry,29407,83
2024-01-05,Harvesting,"Rio Grande, BR",176.25,N/A,Overcast,N/A,N/A
2021-04-09,Cultivation,"Rotterdam, NL",145.08,N/A,Dry,N/A,N/A
2023-12-14,Export,"Sao Paulo, BR",174.5,9287,Dry,N/A,N/A
2024-02-06,Processing,"Karnataka, IN",136.38,N/A,Snowy,18737,2
2023-05-23,Export,"Uttar Pradesh, IN",151.4,13919,Dry,N/A,N/A
2024-11-13,Harvesting,"Karnataka, IN",224.81,N/A,Clear,N/A,N/A
2021-10-30,Distribution,"Uttar Pradesh, IN",167.31,14973,Humid,40723,51
2021-10-10,Processing,"Rio Grande, BR",121.18,N/A,Moderate Rainfall,25368,81
2022-04-06,Distribution,"New York, US",185.49,11260,Moderate Rainfall,25978,31
2024-08-08,Distribution,"Karnataka, IN",66.93,7687,Rainy,83956,20
2023-10-09,Export,"Maharashtra, IN",83.58,9455,Snowy,N/A,N/A
2022-03-18,Cultivation,"Karnataka, IN",182.07,N/A,Humid,N/A,N/A
2023-05-24,Harvesting,"Rotterdam, NL",73.7,N/A,Humid,N/A,N/A
2022-12-17,Processing,"Sao Paulo, BR",125.86,N/A,Overcast,28978,77
2022-03-06,Processing,"Rio Grande, BR",12.31,N/A,Clear,66747,77
2021-01-15,Transportation,"Uttar Pradesh, IN",241.61,N/A,Moderate Rainfall,N/A,N/A
2022-06-17,Export,"Uttar Pradesh, IN",127.08,2656,Moderate Rainfall,N/A,N/A
2024-09-06,Processing,"Sao Paulo, BR",65.01,N/A,Overcast,16559,30
2021-12-01,Processing,"Uttar Pradesh, IN",24.48,N/A,Snowy,57317,56
2024-12-02,Distribution,"Sao Paulo, BR",231.02,4976,Clear,43219,33
2021-11-23,Export,"Rio Grande, BR",202.95,8591,Humid,N/A,N/A
2021-12-22,Distribution,"Rio Grande, BR",172.17,7270,Dry,36763,4
2023-04-15,Cultivation,"Rotterdam, NL",120.16,N/A,Clear,N/A,N/A
2022-04-23,Transportation,"Karnataka, IN",35.85,N/A,Snowy,N/A,N/A
2024-10-10,Harvesting,"Rotterdam, NL",43.5,N/A,Snowy,N/A,N/A
2021-03-19,Distribution,"Sao Paulo, BR",18.1,3043,Snowy,86584,89
2024-07-27,Storage,"Uttar Pradesh, IN",98.69,N/A,Overcast,85137,74
2021-12-01,Harvesting,"Sao Paulo, BR",50.55,N/A,Rainy,N/A,N/A
2021-01-26,Distribution,"New York, US",108.84,12238,Clear,2483,69
2024-02-11,Processing,"New York, US",239.8,N/A,Humid,58625,71
2023-12-13,Cultivation,"Rio Grande, BR",224.33,N/A,Dry,N/A,N/A
2024-12-28,Distribution,"Maharashtra, IN",128.42,16699,Snowy,22713,49
2022-05-19,Export,"Sao Paulo, BR",72.11,14865,Humid,N/A,N/A
2024-12-13,Processing,"New York, US",92.71,N/A,Humid,23324,75
2022-01-12,Harvesting,"New York, US",119.38,N/A,Humid,N/A,N/A
2022-07-12,Harvesting,"Uttar Pradesh, IN",166.77,N/A,Humid,N/A,N/A
2022-05-10,Distribution,"Rotterdam, NL",178.85,2771,Moderate Rainfall,77328,93
2022-07-31,Cultivation,"Rio Grande, BR",216.08,N/A,Dry,N/A,N/A
2022-11-07,Cultivation,"New York, US",233.48,N/A,Overcast,N/A,N/A
2023-11-11,Harvesting,"Maharashtra, IN",124.23,N/A,Humid,N/A,N/A
2021-02-05,Export,"New York, US",84.01,18580,Moderate Rainfall,N/A,N/A
2023-06-08,Transportation,"Karnataka, IN",119.16,N/A,Moderate Rainfall,N/A,N/A
2024-07-15,Cultivation,"Rotterdam, NL",112.57,N/A,Overcast,N/A,N/A
2022-11-19,Storage,"Uttar Pradesh, IN",176.48,N/A,Humid,9745,54
2022-03-17,Harvesting,"Karnataka, IN",153.63,N/A,Clear,N/A,N/A
2023-06-22,Distribution,"Karnataka, IN",240.27,4704,Overcast,74163,100
2022-08-11,Export,"Rio Grande, BR",130.88,8261,Moderate Rainfall,N/A,N/A
2021-01-19,Processing,"New York, US",69.43,N/A,Moderate Rainfall,44091,66
2024-09-15,Distribution,"Uttar Pradesh, IN",107.82,8842,Humid,94526,33
2022-06-18,Cultivation,"New York, US",226.52,N/A,Dry,N/A,N/A
2023-12-23,Cultivation,"Karnataka, IN",142.63,N/A,Humid,N/A,N/A
2024-05-29,Cultivation,"Uttar Pradesh, IN",230.44,N/A,Moderate Rainfall,N/A,N/A
2022-10-12,Harvesting,"Sao Paulo, BR",219.88,N/A,Humid,N/A,N/A
2022-09-25,Processing,"Karnataka, IN",28.73,N/A,Clear,12781,41
2024-03-12,Export,"Rio Grande, BR",228.61,7424,Moderate Rainfall,N/A,N/A
2024-01-04,Cultivation,"Rotterdam, NL",156.41,N/A,Dry,N/A,N/A
2023-06-15,Export,"Karnataka, IN",50.86,3900,Overcast,N/A,N/A
2023-05-22,Distribution,"Uttar Pradesh, IN",195.09,11374,Overcast,7133,40
2024-10-27,Storage,"New York, US",128.48,N/A,Clear,81805,49
2023-12-30,Processing,"Maharashtra, IN",37.33,N/A,Moderate Rainfall,67098,67
2022-12-22,Harvesting,"Karnataka, IN",230.04,N/A,Humid,N/A,N/A
2023-07-01,Transportation,"Uttar Pradesh, IN",97.83,N/A,Moderate Rainfall,N/A,N/A
2024-03-27,Transportation,"New York, US",203.75,N/A,Overcast,N/A,N/A
2022-03-27,Cultivation,"Uttar Pradesh, IN",194.75,N/A,Snowy,N/A,N/A
2022-09-23,Distribution,"Rotterdam, NL",47.14,6466,Dry,1297,21
2022-06-07,Cultivation,"Karnataka, IN",176.85,N/A,Snowy,N/A,N/A
2023-09-28,Export,"Rotterdam, NL",134.29,5719,Rainy,N/A,N/A
2022-03-11,Storage,"Rio Grande, BR",113.04,N/A,Humid,19676,96
2024-08-31,Cultivation,"Sao Paulo, BR",177.57,N/A,Overcast,N/A,N/A
2023-09-13,Transportation,"Rotterdam, NL",136.02,N/A,Moderate Rainfall,N/A,N/A
2021-08-02,Cultivation,"Sao Paulo, BR",189.24,N/A,Snowy,N/A,N/A
2023-06-26,Cultivation,"Uttar Pradesh, IN",49.26,N/A,Humid,N/A,N/A
2023-01-14,Transportation,"Rio Grande, BR",177.98,N/A,Clear,N/A,N/A
2024-03-24,Cultivation,"New York, US",182.81,N/A,Humid,N/A,N/A
2023-07-10,Cultivation,"Maharashtra, IN",224.74,N/A,Rainy,N/A,N/A
2021-08-14,Processing,"Karnataka, IN",96.77,N/A,Clear,57036,7
2023-04-25,Storage,"Uttar Pradesh, IN",32.38,N/A,Snowy,45929,16
2024-11-26,Processing,"Rio Grande, BR",180.38,N/A,Clear,85790,43
2021-10-20,Transportation,"New York, US",148.41,N/A,Humid,N/A,N/A
2023-06-09,Export,"Karnataka, IN",90.01,12002,Humid,N/A,N/A
2022-08-15,Distribution,"Uttar Pradesh, IN",45.58,14958,Snowy,31525,65
2022-10-29,Export,"Rotterdam, NL",239.53,11949,Overcast,N/A,N/A
2022-09-30,Export,"Karnataka, IN",18.98,10400,Dry,N/A,N/A
2022-10-15,Export,"Karnataka, IN",128.06,865,Overcast,N/A,N/A
2021-10-07,Export,"Maharashtra, IN",244.37,1345,Moderate Rainfall,N/A,N/A
2023-01-19,Storage,"Uttar Pradesh, IN",105.92,N/A,Overcast,40848,42
2024-02-06,Harvesting,"Karnataka, IN",41.49,N/A,Snowy,N/A,N/A
2024-04-24,Processing,"Rio Grande, BR",121.11,N/A,Humid,15220,61
2024-09-11,Harvesting,"New York, US",96.35,N/A,Clear,N/A,N/A
2024-10-16,Harvesting,"Maharashtra, IN",159.43,N/A,Rainy,N/A,N/A
2022-02-26,Transportation,"Uttar Pradesh, IN",40.37,N/A,Snowy,N/A,N/A
2022-02-05,Export,"Sao Paulo, BR",130.79,14045,Moderate Rainfall,N/A,N/A
2022-03-20,Cultivation,"Sao Paulo, BR",156.87,N/A,Dry,N/A,N/A
2021-06-04,Distribution,"Maharashtra, IN",238.72,12536,Overcast,11545,40
2023-07-16,Distribution,"Rotterdam, NL",18.51,9737,Moderate Rainfall,43001,40
2021-08-27,Distribution,"Karnataka, IN",111.84,727,Overcast,69147,26
2022-12-28,Cultivation,"New York, US",100.17,N/A,Rainy,N/A,N/A
2021-03-06,Transportation,"New York, US",14.02,N/A,Moderate Rainfall,N/A,N/A
2022-10-06,Cultivation,"Uttar Pradesh, IN",71.27,N/A,Moderate Rainfall,N/A,N/A
2022-04-10,Export,"Sao Paulo, BR",38.42,7844,Humid,N/A,N/A
2023-12-15,Harvesting,"Sao Paulo, BR",164.15,N/A,Rainy,N/A,N/A
2023-12-23,Storage,"Maharashtra, IN",231.14,N/A,Snowy,94615,87
2023-03-31,Cultivation,"New York, US",110.56,N/A,Moderate Rainfall,N/A,N/A
2022-08-28,Storage,"Rotterdam, NL",207.75,N/A,Overcast,63760,41
2023-03-17,Distribution,"Rotterdam, NL",92.82,10765,Humid,62536,27
2022-06-14,Storage,"Karnataka, IN",72.94,N/A,Clear,31512,56
2024-09-05,Export,"Rio Grande, BR",172.79,5091,Dry,N/A,N/A
2024-05-01,Transportation,"Uttar Pradesh, IN",147.35,N/A,Dry,N/A,N/A
2023-05-03,Distribution,"Rotterdam, NL",69.86,764,Clear,71953,14
2023-07-16,Transportation,"Maharashtra, IN",47.68,N/A,Clear,N/A,N/A
2023-09-04,Export,"Sao Paulo, BR",213.97,7559,Clear,N/A,N/A
2023-05-17,Transportation,"Maharashtra, IN",12.8,N/A,Moderate Rainfall,N/A,N/A
2021-01-03,Distribution,"Karnataka, IN",83.6,2860,Humid,13948,99
2021-06-01,Transportation,"Karnataka, IN",104.63,N/A,Humid,N/A,N/A
2023-07-11,Export,"Rotterdam, NL",189.69,9474,Clear,N/A,N/A
2022-08-12,Distribution,"Sao Paulo, BR",132.06,11946,Rainy,55591,9
2022-12-11,Harvesting,"Karnataka, IN",115.03,N/A,Overcast,N/A,N/A
2023-10-13,Export,"Rotterdam, NL",15.14,11647,Dry,N/A,N/A
2022-04-25,Processing,"Karnataka, IN",150.73,N/A,Clear,48391,40
2024-02-22,Storage,"Karnataka, IN",202.2,N/A,Rainy,73296,23
2023-07-26,Distribution,"Rio Grande, BR",188.03,5089,Moderate Rainfall,3210,83
2023-04-11,Cultivation,"Maharashtra, IN",171.9,N/A,Rainy,N/A,N/A
2022-11-25,Export,"Karnataka, IN",70.74,16172,Humid,N/A,N/A
2022-11-14,Distribution,"Karnataka, IN",202.07,13893,Snowy,73338,39
2022-06-19,Harvesting,"Sao Paulo, BR",122.89,N/A,Overcast,N/A,N/A
2021-10-23,Export,"Rotterdam, NL",154.18,4274,Rainy,N/A,N/A
2023-10-30,Export,"Sao Paulo, BR",184.19,15209,Snowy,N/A,N/A
2023-03-14,Export,"Rio Grande, BR",107.98,124,Clear,N/A,N/A
2023-01-10,Distribution,"Maharashtra, IN",31.58,17274,Dry,33111,38
2022-10-11,Processing,"New York, US",84.86,N/A,Humid,53586,80
2023-08-07,Transportation,"Uttar Pradesh, IN",28.46,N/A,Snowy,N/A,N/A
2021-09-27,Harvesting,"Karnataka, IN",41.47,N/A,Moderate Rainfall,N/A,N/A
2022-11-10,Export,"Uttar Pradesh, IN",54.39,1188,Overcast,N/A,N/A
2024-01-06,Storage,"Maharashtra, IN",124.81,N/A,Overcast,69358,38
2022-07-08,Transportation,"New York, US",133.34,N/A,Overcast,N/A,N/A
2023-06-27,Export,"Sao Paulo, BR",73.83,16226,Rainy,N/A,N/A
2024-09-15,Export,"Rio Grande, BR",179.04,5750,Moderate Rainfall,N/A,N/A
2022-04-08,Processing,"New York, US",219.38,N/A,Dry,37068,39
2022-10-23,Storage,"Sao Paulo, BR",145.56,N/A,Humid,27707,97
2024-01-08,Cultivation,"Rio Grande, BR",51.35,N/A,Clear,N/A,N/A
2024-03-20,Export,"Maharashtra, IN",129.55,7426,Dry,N/A,N/A
2021-06-24,Cultivation,"Karnataka, IN",33.14,N/A,Rainy,N/A,N/A
2024-12-29,Harvesting,"Maharashtra, IN",20.47,N/A,Moderate Rainfall,N/A,N/A
2022-08-28,Transportation,"Uttar Pradesh, IN",217.17,N/A,Humid,N/A,N/A
2024-02-20,Processing,"Rotterdam, NL",76.34,N/A,Dry,7767,94
2021-07-14,Transportation,"Maharashtra, IN",175.21,N/A,Humid,N/A,N/A
2022-02-23,Export,"New York, US",169.93,16325,Humid,N/A,N/A
2024-10-31,Export,"Rio Grande, BR",128.97,18833,Dry,N/A,N/A
2021-06-21,Transportation,"Karnataka, IN",32.69,N/A,Overcast,N/A,N/A
2021-01-10,Transportation,"Rotterdam, NL",116.39,N/A,Rainy,N/A,N/A
2023-12-30,Processing,"New York, US",68.48,N/A,Overcast,42183,36
2023-10-29,Transportation,"Rio Grande, BR",67.63,N/A,Snowy,N/A,N/A
2024-05-14,Cultivation,"Karnataka, IN",203.95,N/A,Rainy,N/A,N/A
2021-08-17,Storage,"Karnataka, IN",229.86,N/A,Clear,48533,79
2024-10-02,Cultivation,"Maharashtra, IN",141.11,N/A,Snowy,N/A,N/A
2023-03-02,Cultivation,"Uttar Pradesh, IN",176.01,N/A,Rainy,N/A,N/A
2024-11-28,Export,"Uttar Pradesh, IN",233.26,14309,Dry,N/A,N/A
2021-04-07,Transportation,"Sao Paulo, BR",128.24,N/A,Rainy,N/A,N/A
2022-05-08,Distribution,"Rotterdam, NL",192.82,1807,Snowy,10733,20
2023-01-31,Harvesting,"Karnataka, IN",31.34,N/A,Overcast,N/A,N/A
2022-03-22,Storage,"Sao Paulo, BR",153.71,N/A,Dry,39150,13
2024-10-31,Storage,"New York, US",223.76,N/A,Overcast,15385,94
2021-09-08,Transportation,"Maharashtra, IN",131.09,N/A,Snowy,N/A,N/A
2022-05-29,Harvesting,"New York, US",239.29,N/A,Clear,N/A,N/A
2023-11-10,Export,"Uttar Pradesh, IN",181.86,9085,Snowy,N/A,N/A
2021-12-26,Processing,"Sao Paulo, BR",144.4,N/A,Snowy,82852,21
2021-01-01,Harvesting,"Sao Paulo, BR",178.74,N/A,Humid,N/A,N/A
2021-09-28,Export,"Uttar Pradesh, IN",220.38,1033,Moderate Rainfall,N/A,N/A
2022-04-04,Cultivation,"Rio Grande, BR",35.4,N/A,Humid,N/A,N/A
2022-09-10,Transportation,"Maharashtra, IN",81.89,N/A,Humid,N/A,N/A
2021-01-23,Export,"Karnataka, IN",159.75,726,Snowy,N/A,N/A
2023-12-19,Storage,"Rio Grande, BR",133.93,N/A,Clear,60499,76
2024-08-17,Export,"Uttar Pradesh, IN",50.13,7417,Rainy,N/A,N/A
2021-04-10,Cultivation,"Maharashtra, IN",218.93,N/A,Overcast,N/A,N/A
2022-11-06,Storage,"Rotterdam, NL",238.81,N/A,Clear,92578,31
2021-08-21,Storage,"Karnataka, IN",217.04,N/A,Moderate Rainfall,57240,65
2022-10-14,Harvesting,"Karnataka, IN",234.5,N/A,Snowy,N/A,N/A
2021-03-04,Storage,"Rio Grande, BR",224.91,N/A,Moderate Rainfall,19006,68
2023-03-06,Storage,"Rotterdam, NL",183.58,N/A,Clear,99261,2
2021-06-12,Transportation,"Uttar Pradesh, IN",249.87,N/A,Dry,N/A,N/A
2023-06-02,Cultivation,"Maharashtra, IN",134.24,N/A,Overcast,N/A,N/A
2021-12-12,Export,"Rio Grande, BR",84.75,8571,Snowy,N/A,N/A
2024-01-16,Storage,"New York, US",238.56,N/A,Dry,67644,5
2024-10-28,Cultivation,"Rio Grande, BR",76.86,N/A,Humid,N/A,N/A
2023-12-19,Transportation,"Rotterdam, NL",229.1,N/A,Dry,N/A,N/A
2022-11-19,Export,"Rotterdam, NL",236.02,6045,Clear,N/A,N/A
2022-01-21,Processing,"Maharashtra, IN",87.63,N/A,Moderate Rainfall,40787,8
2021-05-25,Cultivation,"New York, US",93.97,N/A,Overcast,N/A,N/A
2023-03-05,Harvesting,"Karnataka, IN",58.72,N/A,Dry,N/A,N/A
2023-11-06,Distribution,"Maharashtra, IN",231.97,16351,Snowy,48694,52
2021-01-05,Export,"Rotterdam, NL",121.01,1601,Overcast,N/A,N/A
2024-05-26,Cultivation,"New York, US",121.22,N/A,Moderate Rainfall,N/A,N/A
2022-06-14,Storage,"Uttar Pradesh, IN",12.32,N/A,Overcast,95609,4
2023-11-19,Storage,"Uttar Pradesh, IN",109.63,N/A,Dry,18094,25
2023-10-02,Harvesting,"Karnataka, IN",159.23,N/A,Rainy,N/A,N/A
2023-06-21,Export,"Sao Paulo, BR",44.22,12722,Moderate Rainfall,N/A,N/A
2021-04-22,Distribution,"Sao Paulo, BR",56.79,16125,Overcast,79508,79
2023-05-25,Distribution,"Maharashtra, IN",92.9,18700,Humid,47265,2
2021-05-29,Cultivation,"Sao Paulo, BR",59.71,N/A,Clear,N/A,N/A
2021-07-19,Harvesting,"Rotterdam, NL",122.49,N/A,Humid,N/A,N/A
2023-10-16,Distribution,"Rio Grande, BR",100.58,250,Snowy,46537,18
2024-11-16,Storage,"Uttar Pradesh, IN",18.33,N/A,Rainy,49169,67
2022-07-08,Export,"Rio Grande, BR",81.78,12199,Moderate Rainfall,N/A,N/A
2024-03-06,Processing,"Rotterdam, NL",89.53,N/A,Dry,77124,73
2021-11-28,Transportation,"Sao Paulo, BR",213.25,N/A,Overcast,N/A,N/A
2021-06-10,Cultivation,"New York, US",151.34,N/A,Humid,N/A,N/A
2022-06-25,Harvesting,"Rotterdam, NL",116.38,N/A,Dry,N/A,N/A
2022-06-15,Harvesting,"Rio Grande, BR",246.79,N/A,Snowy,N/A,N/A
2022-03-15,Storage,"Rotterdam, NL",113.18,N/A,Humid,85757,69
2024-12-18,Export,"Maharashtra, IN",203.02,1578,Moderate Rainfall,N/A,N/A
2023-10-05,Processing,"Sao Paulo, BR",44.04,N/A,Clear,88654,75
2022-01-20,Processing,"Uttar Pradesh, IN",76.1,N/A,Moderate Rainfall,81904,3
2024-02-19,Export,"Sao Paulo, BR",124.44,1650,Moderate Rainfall,N/A,N/A
2022-12-20,Storage,"Sao Paulo, BR",79.78,N/A,Clear,56960,31
2022-10-10,Distribution,"Karnataka, IN",211.34,12370,Clear,90392,86
2023-08-21,Processing,"Sao Paulo, BR",56.33,N/A,Overcast,37728,48
2024-10-28,Harvesting,"New York, US",193.15,N/A,Clear,N/A,N/A
2021-11-21,Processing,"Rotterdam, NL",113.53,N/A,Clear,27032,4
2024-12-30,Cultivation,"Uttar Pradesh, IN",149.31,N/A,Overcast,N/A,N/A
2023-02-06,Export,"Rotterdam, NL",92.71,19152,Rainy,N/A,N/A
2024-02-04,Cultivation,"Uttar Pradesh, IN",45.61,N/A,Rainy,N/A,N/A
2024-01-29,Harvesting,"Karnataka, IN",222.15,N/A,Clear,N/A,N/A
2021-10-16,Distribution,"Rio Grande, BR",241.55,15392,Snowy,64781,81
2024-05-27,Storage,"New York, US",156.33,N/A,Dry,96041,5
2021-12-12,Transportation,"Maharashtra, IN",137.78,N/A,Overcast,N/A,N/A
2024-08-19,Cultivation,"Rotterdam, NL",245.6,N/A,Humid,N/A,N/A
2023-12-19,Harvesting,"Rotterdam, NL",83.33,N/A,Clear,N/A,N/A
2023-12-28,Export,"Rio Grande, BR",180.0,9318,Clear,N/A,N/A
2023-04-02,Storage,"Maharashtra, IN",147.09,N/A,Humid,62527,5
2022-04-24,Processing,"Rio Grande, BR",74.49,N/A,Humid,1607,29
2022-05-21,Storage,"Uttar Pradesh, IN",127.6,N/A,Dry,85157,93
2023-12-19,Transportation,"Rotterdam, NL",41.55,N/A,Moderate Rainfall,N/A,N/A
2022-08-23,Cultivation,"Maharashtra, IN",214.33,N/A,Rainy,N/A,N/A
2024-03-29,Cultivation,"Maharashtra, IN",64.54,N/A,Clear,N/A,N/A
2021-09-20,Cultivation,"Karnataka, IN",13.11,N/A,Clear,N/A,N/A
2021-12-29,Distribution,"Maharashtra, IN",141.65,5559,Overcast,32462,96
2023-10-12,Distribution,"Karnataka, IN",148.76,18173,Dry,24355,52
2022-06-04,Processing,"Uttar Pradesh, IN",163.01,N/A,Rainy,67818,91
2022-11-29,Export,"Uttar Pradesh, IN",44.03,13371,Overcast,N/A,N/A
2022-07-08,Storage,"Sao Paulo, BR",160.93,N/A,Humid,68091,78
2024-11-10,Harvesting,"Sao Paulo, BR",238.73,N/A,Dry,N/A,N/A
2022-10-22,Cultivation,"Rotterdam, NL",11.43,N/A,Humid,N/A,N/A
2023-01-28,Export,"Maharashtra, IN",133.89,77,Clear,N/A,N/A
2023-02-25,Cultivation,"Karnataka, IN",29.04,N/A,Overcast,N/A,N/A
2024-05-19,Cultivation,"Maharashtra, IN",137.17,N/A,Moderate Rainfall,N/A,N/A
2024-02-18,Storage,"Uttar Pradesh, IN",156.57,N/A,Overcast,38981,17
2021-10-23,Export,"Sao Paulo, BR",196.46,14933,Snowy,N/A,N/A
2021-03-24,Distribution,"Rio Grande, BR",27.05,13976,Overcast,13821,66
2023-07-03,Storage,"Rotterdam, NL",62.0,N/A,Humid,38528,66
2024-02-29,Cultivation,"Rio Grande, BR",247.21,N/A,Overcast,N/A,N/A
2022-11-10,Distribution,"Rotterdam, NL",16.22,9583,Rainy,25161,56
2024-10-21,Transportation,"Sao Paulo, BR",216.49,N/A,Moderate Rainfall,N/A,N/A
2022-05-30,Cultivation,"Rotterdam, NL",206.64,N/A,Overcast,N/A,N/A
2022-11-17,Storage,"Rotterdam, NL",128.47,N/A,Clear,90790,89
2024-07-06,Distribution,"Sao Paulo, BR",25.79,19925,Rainy,26385,84
2022-12-19,Harvesting,"Maharashtra, IN",243.3,N/A,Dry,N/A,N/A
2021-05-10,Cultivation,"Maharashtra, IN",98.04,N/A,Moderate Rainfall,N/A,N/A
2024-04-01,Export,"Rio Grande, BR",61.48,14244,Moderate Rainfall,N/A,N/A
2023-05-17,Harvesting,"Karnataka, IN",114.78,N/A,Moderate Rainfall,N/A,N/A
2021-04-18,Cultivation,"Maharashtra, IN",152.85,N/A,Dry,N/A,N/A
2024-10-19,Storage,"Maharashtra, IN",187.1,N/A,Dry,5158,70
2021-08-23,Harvesting,"Sao Paulo, BR",82.22,N/A,Humid,N/A,N/A
2024-07-03,Cultivation,"Rotterdam, NL",55.68,N/A,Dry,N/A,N/A
2021-01-11,Processing,"Maharashtra, IN",244.72,N/A,Moderate Rainfall,87610,54
2023-06-21,Transportation,"Rio Grande, BR",99.1,N/A,Rainy,N/A,N/A
2023-09-27,Processing,"Uttar Pradesh, IN",131.94,N/A,Moderate Rainfall,60649,37
2023-02-19,Storage,"Sao Paulo, BR",139.29,N/A,Moderate Rainfall,10930,12
2023-05-07,Harvesting,"Uttar Pradesh, IN",49.16,N/A,Overcast,N/A,N/A
2021-09-02,Storage,"Maharashtra, IN",224.65,N/A,Clear,61149,68
2024-09-16,Export,"Rio Grande, BR",217.73,512,Rainy,N/A,N/A
2023-07-27,Processing,"Rotterdam, NL",134.6,N/A,Clear,27788,72
